run_id,datetime,run,total_time,grids_per_second,cpu_usage,memory_usage,batch_size,num_batches,device,n_embd,n_head,n_layer,gpu_usage,precision
1b7620f2-1082-4bbf-8e04-4d527086a457,2024-09-06 17:40:29,1,0.5076165199279785,630.3971353127005,43.24,88.89000000000001,32,10,mps,64,2,1,,medium
1b7620f2-1082-4bbf-8e04-4d527086a457,2024-09-06 17:40:29,2,0.020252704620361328,15800.358816189108,26.305,88.225,32,10,mps,64,2,1,,medium
1b7620f2-1082-4bbf-8e04-4d527086a457,2024-09-06 17:40:29,3,0.021074533462524414,15184.203274014912,23.36,87.99999999999999,32,10,mps,64,2,1,,medium
1b7620f2-1082-4bbf-8e04-4d527086a457,2024-09-06 17:40:29,4,0.03858351707458496,8293.697004900174,26.3,88.0,32,10,mps,64,2,1,,medium
1b7620f2-1082-4bbf-8e04-4d527086a457,2024-09-06 17:40:29,5,0.02666306495666504,12001.620988438117,24.236000000000004,88.00599999999999,32,10,mps,64,2,1,,medium
1b7620f2-1082-4bbf-8e04-4d527086a457,2024-09-06 17:40:29,6,0.023067712783813477,13872.203239176046,20.950000000000003,88.00500000000001,32,10,mps,64,2,1,,medium
1b7620f2-1082-4bbf-8e04-4d527086a457,2024-09-06 17:40:29,7,0.023904085159301758,13386.833165438205,21.41,87.99857142857142,32,10,mps,64,2,1,,medium
1b7620f2-1082-4bbf-8e04-4d527086a457,2024-09-06 17:40:29,8,0.028157949447631836,11364.46390015495,23.00625,87.98125,32,10,mps,64,2,1,,medium
1b7620f2-1082-4bbf-8e04-4d527086a457,2024-09-06 17:40:29,9,0.03654217720031738,8757.004221336343,22.41,87.98555555555555,32,10,mps,64,2,1,,medium
1b7620f2-1082-4bbf-8e04-4d527086a457,2024-09-06 17:40:29,10,0.03947329521179199,8106.746555691791,24.627,88.002,32,10,mps,64,2,1,,medium
1b7620f2-1082-4bbf-8e04-4d527086a457,2024-09-06 17:40:29,11,0.05113816261291504,6257.557636988377,25.017272727272733,88.03818181818177,32,10,mps,64,2,1,,medium
1b7620f2-1082-4bbf-8e04-4d527086a457,2024-09-06 17:40:29,12,0.0261075496673584,12256.990950019634,23.425,88.04833333333333,32,10,mps,64,2,1,,medium
1b7620f2-1082-4bbf-8e04-4d527086a457,2024-09-06 17:40:29,13,0.0203704833984375,15709.003745318352,23.546153846153846,88.05692307692307,32,10,mps,64,2,1,,medium
1b7620f2-1082-4bbf-8e04-4d527086a457,2024-09-06 17:40:29,14,0.019466400146484375,16438.581226729373,23.557142857142857,88.0592857142857,32,10,mps,64,2,1,,medium
1b7620f2-1082-4bbf-8e04-4d527086a457,2024-09-06 17:40:29,15,0.01750326156616211,18282.306916936825,22.788,88.056,32,10,mps,64,2,1,,medium
1b7620f2-1082-4bbf-8e04-4d527086a457,2024-09-06 17:40:29,16,0.02276158332824707,14058.775937738952,22.71,88.04875,32,10,mps,64,2,1,,medium
1b7620f2-1082-4bbf-8e04-4d527086a457,2024-09-06 17:40:29,17,0.08684921264648438,3684.5469319629287,23.56,88.0370588235294,32,10,mps,64,2,1,,medium
1b7620f2-1082-4bbf-8e04-4d527086a457,2024-09-06 17:40:29,18,0.03624749183654785,8828.197036169779,24.12666666666667,88.04055555555556,32,10,mps,64,2,1,,medium
1b7620f2-1082-4bbf-8e04-4d527086a457,2024-09-06 17:40:29,19,0.025429487228393555,12583.816461808192,23.79105263157895,88.03473684210526,32,10,mps,64,2,1,,medium
1b7620f2-1082-4bbf-8e04-4d527086a457,2024-09-06 17:40:29,20,0.017709016799926758,18069.890814114733,22.966499999999996,88.038,32,10,mps,64,2,1,,medium
055c956b-85cd-4ef2-88ef-fa8d48896b7d,2024-09-06 17:40:50,1,0.020718812942504883,15444.90028883442,18.49,88.19000000000001,32,10,mps,64,2,1,,medium
055c956b-85cd-4ef2-88ef-fa8d48896b7d,2024-09-06 17:40:50,2,0.024207592010498047,13218.993440620876,16.945,88.255,32,10,mps,64,2,1,,medium
055c956b-85cd-4ef2-88ef-fa8d48896b7d,2024-09-06 17:40:50,3,0.020878076553344727,15327.082415009878,15.223333333333331,88.22999999999999,32,10,mps,64,2,1,,medium
055c956b-85cd-4ef2-88ef-fa8d48896b7d,2024-09-06 17:40:50,4,0.03993368148803711,8013.285729638076,24.9625,88.16749999999999,32,10,mps,64,2,1,,medium
055c956b-85cd-4ef2-88ef-fa8d48896b7d,2024-09-06 17:40:50,5,0.02503180503845215,12783.73651074854,29.752000000000002,88.07400000000001,32,10,mps,64,2,1,,medium
055c956b-85cd-4ef2-88ef-fa8d48896b7d,2024-09-06 17:40:50,6,0.02504754066467285,12775.705378984741,27.131666666666668,88.02,32,10,mps,64,2,1,,medium
055c956b-85cd-4ef2-88ef-fa8d48896b7d,2024-09-06 17:40:50,7,0.01796269416809082,17814.699565973373,26.654285714285713,88.05285714285712,32,10,mps,64,2,1,,medium
055c956b-85cd-4ef2-88ef-fa8d48896b7d,2024-09-06 17:40:50,8,0.061461448669433594,5206.515741617142,27.723750000000003,87.99249999999999,32,10,mps,64,2,1,,medium
055c956b-85cd-4ef2-88ef-fa8d48896b7d,2024-09-06 17:40:50,9,0.023721933364868164,13489.625616852769,28.704444444444444,88.00444444444445,32,10,mps,64,2,1,,medium
055c956b-85cd-4ef2-88ef-fa8d48896b7d,2024-09-06 17:40:50,10,0.048639774322509766,6578.977893240527,27.295,88.008,32,10,mps,64,2,1,,medium
055c956b-85cd-4ef2-88ef-fa8d48896b7d,2024-09-06 17:40:50,11,0.053002119064331055,6037.494455865088,28.344545454545454,88.0081818181818,32,10,mps,64,2,1,,medium
055c956b-85cd-4ef2-88ef-fa8d48896b7d,2024-09-06 17:40:50,12,0.02006053924560547,15951.714761112431,26.765,88.02583333333332,32,10,mps,64,2,1,,medium
055c956b-85cd-4ef2-88ef-fa8d48896b7d,2024-09-06 17:40:50,13,0.018706321716308594,17106.516441498854,26.93076923076923,88.03769230769232,32,10,mps,64,2,1,,medium
055c956b-85cd-4ef2-88ef-fa8d48896b7d,2024-09-06 17:40:50,14,0.018470048904418945,17325.34665479095,26.918571428571433,88.04714285714286,32,10,mps,64,2,1,,medium
055c956b-85cd-4ef2-88ef-fa8d48896b7d,2024-09-06 17:40:50,15,0.018091201782226562,17688.156035846074,26.494666666666664,88.05733333333333,32,10,mps,64,2,1,,medium
055c956b-85cd-4ef2-88ef-fa8d48896b7d,2024-09-06 17:40:50,16,0.023960590362548828,13355.263587335072,27.131875,88.070625,32,10,mps,64,2,1,,medium
055c956b-85cd-4ef2-88ef-fa8d48896b7d,2024-09-06 17:40:50,17,0.023165464401245117,13813.666519148235,27.04647058823529,88.08941176470589,32,10,mps,64,2,1,,medium
055c956b-85cd-4ef2-88ef-fa8d48896b7d,2024-09-06 17:40:50,18,0.01861405372619629,17191.31172108155,26.435000000000002,88.11222222222223,32,10,mps,64,2,1,,medium
055c956b-85cd-4ef2-88ef-fa8d48896b7d,2024-09-06 17:40:50,19,0.02423095703125,13206.246851385391,26.393684210526317,88.12052631578948,32,10,mps,64,2,1,,medium
055c956b-85cd-4ef2-88ef-fa8d48896b7d,2024-09-06 17:40:50,20,0.024620532989501953,12997.281583483431,26.5795,88.12150000000001,32,10,mps,64,2,1,,medium
64cee428-4994-4a4c-9573-4dbd5fcc4c8e,2024-09-06 17:41:08,1,0.02007460594177246,15940.537061010225,15.55,87.96000000000001,32,10,mps,64,2,1,,medium
64cee428-4994-4a4c-9573-4dbd5fcc4c8e,2024-09-06 17:41:08,2,0.021683692932128906,14757.633812728152,16.575,87.99,32,10,mps,64,2,1,,medium
64cee428-4994-4a4c-9573-4dbd5fcc4c8e,2024-09-06 17:41:08,3,0.020793676376342773,15389.294043455828,15.223333333333334,88.16666666666664,32,10,mps,64,2,1,,medium
64cee428-4994-4a4c-9573-4dbd5fcc4c8e,2024-09-06 17:41:08,4,0.01995253562927246,16038.061825612102,15.8225,88.2325,32,10,mps,64,2,1,,medium
64cee428-4994-4a4c-9573-4dbd5fcc4c8e,2024-09-06 17:41:08,5,0.019459009170532227,16444.824975188993,15.429999999999998,88.17200000000001,32,10,mps,64,2,1,,medium
64cee428-4994-4a4c-9573-4dbd5fcc4c8e,2024-09-06 17:41:08,6,0.018453359603881836,17341.015775397616,14.640000000000002,88.05833333333337,32,10,mps,64,2,1,,medium
64cee428-4994-4a4c-9573-4dbd5fcc4c8e,2024-09-06 17:41:08,7,0.0184781551361084,17317.74615176187,14.870000000000001,87.92714285714285,32,10,mps,64,2,1,,medium
64cee428-4994-4a4c-9573-4dbd5fcc4c8e,2024-09-06 17:41:08,8,0.0197451114654541,16206.54310105413,15.028750000000002,87.8075,32,10,mps,64,2,1,,medium
64cee428-4994-4a4c-9573-4dbd5fcc4c8e,2024-09-06 17:41:08,9,0.019199609756469727,16667.0054266165,13.867777777777778,87.71444444444445,32,10,mps,64,2,1,,medium
64cee428-4994-4a4c-9573-4dbd5fcc4c8e,2024-09-06 17:41:08,10,0.019681215286254883,16259.158560370204,15.746000000000002,87.645,32,10,mps,64,2,1,,medium
64cee428-4994-4a4c-9573-4dbd5fcc4c8e,2024-09-06 17:41:08,11,0.021872997283935547,14629.91083691221,17.474545454545456,87.59545454545456,32,10,mps,64,2,1,,medium
64cee428-4994-4a4c-9573-4dbd5fcc4c8e,2024-09-06 17:41:08,12,0.02093791961669922,15283.275791391483,18.0025,87.5775,32,10,mps,64,2,1,,medium
64cee428-4994-4a4c-9573-4dbd5fcc4c8e,2024-09-06 17:41:08,13,0.024575471878051758,13021.113148423023,18.838461538461537,87.58692307692307,32,10,mps,64,2,1,,medium
64cee428-4994-4a4c-9573-4dbd5fcc4c8e,2024-09-06 17:41:08,14,0.0276641845703125,11567.302813017099,18.947857142857142,87.62,32,10,mps,64,2,1,,medium
64cee428-4994-4a4c-9573-4dbd5fcc4c8e,2024-09-06 17:41:08,15,0.0227968692779541,14037.015175125762,18.84666666666667,87.64933333333335,32,10,mps,64,2,1,,medium
64cee428-4994-4a4c-9573-4dbd5fcc4c8e,2024-09-06 17:41:08,16,0.02669835090637207,11985.759012689652,19.750000000000004,87.67437500000001,32,10,mps,64,2,1,,medium
64cee428-4994-4a4c-9573-4dbd5fcc4c8e,2024-09-06 17:41:08,17,0.031124114990234375,10281.416840299056,18.990000000000002,87.71058823529411,32,10,mps,64,2,1,,medium
64cee428-4994-4a4c-9573-4dbd5fcc4c8e,2024-09-06 17:41:08,18,0.021720409393310547,14732.687317512238,19.35333333333334,87.73833333333334,32,10,mps,64,2,1,,medium
64cee428-4994-4a4c-9573-4dbd5fcc4c8e,2024-09-06 17:41:08,19,0.02295231819152832,13941.946836468645,18.96263157894737,87.75578947368422,32,10,mps,64,2,1,,medium
64cee428-4994-4a4c-9573-4dbd5fcc4c8e,2024-09-06 17:41:08,20,0.0954904556274414,3351.1202548712163,19.916,87.7765,32,10,mps,64,2,1,,medium
b4777eaa-84fb-4b56-9048-61a774cc5ca9,2024-09-06 17:41:25,1,0.08106517791748047,3947.4409138500996,29.629999999999995,88.14000000000001,32,10,mps,64,2,1,,medium
b4777eaa-84fb-4b56-9048-61a774cc5ca9,2024-09-06 17:41:25,2,0.07779693603515625,4113.272531136608,53.605,88.1,32,10,mps,64,2,1,,medium
b4777eaa-84fb-4b56-9048-61a774cc5ca9,2024-09-06 17:41:25,3,0.0244600772857666,13082.542473658046,50.073333333333316,88.07666666666664,32,10,mps,64,2,1,,medium
b4777eaa-84fb-4b56-9048-61a774cc5ca9,2024-09-06 17:41:25,4,0.02110910415649414,15159.335878379905,42.05,88.11500000000001,32,10,mps,64,2,1,,medium
b4777eaa-84fb-4b56-9048-61a774cc5ca9,2024-09-06 17:41:25,5,0.021590232849121094,14821.516851451035,33.64,88.118,32,10,mps,64,2,1,,medium
b4777eaa-84fb-4b56-9048-61a774cc5ca9,2024-09-06 17:41:25,6,0.0245053768157959,13058.358677991497,30.819999999999997,88.1,32,10,mps,64,2,1,,medium
b4777eaa-84fb-4b56-9048-61a774cc5ca9,2024-09-06 17:41:25,7,0.036839962005615234,8686.219599011118,30.188571428571425,88.07571428571428,32,10,mps,64,2,1,,medium
b4777eaa-84fb-4b56-9048-61a774cc5ca9,2024-09-06 17:41:25,8,0.024023771286010742,13320.140130801981,29.61625,87.97875000000002,32,10,mps,64,2,1,,medium
b4777eaa-84fb-4b56-9048-61a774cc5ca9,2024-09-06 17:41:25,9,0.02162766456604004,14795.864760287941,27.63,87.9,32,10,mps,64,2,1,,medium
b4777eaa-84fb-4b56-9048-61a774cc5ca9,2024-09-06 17:41:25,10,0.018671751022338867,17138.189108089126,26.237999999999996,87.82400000000001,32,10,mps,64,2,1,,medium
b4777eaa-84fb-4b56-9048-61a774cc5ca9,2024-09-06 17:41:25,11,0.018826723098754883,16997.116190717406,24.346363636363634,87.75636363636364,32,10,mps,64,2,1,,medium
b4777eaa-84fb-4b56-9048-61a774cc5ca9,2024-09-06 17:41:25,12,0.01840686798095703,17384.815294544325,23.770833333333332,87.70833333333333,32,10,mps,64,2,1,,medium
b4777eaa-84fb-4b56-9048-61a774cc5ca9,2024-09-06 17:41:25,13,0.020487070083618164,15619.607815754867,22.59846153846154,87.70846153846153,32,10,mps,64,2,1,,medium
b4777eaa-84fb-4b56-9048-61a774cc5ca9,2024-09-06 17:41:25,14,0.01996755599975586,16025.997373134329,21.445,87.71214285714287,32,10,mps,64,2,1,,medium
b4777eaa-84fb-4b56-9048-61a774cc5ca9,2024-09-06 17:41:25,15,0.021167993545532227,15117.162583769781,20.918666666666663,87.71466666666667,32,10,mps,64,2,1,,medium
b4777eaa-84fb-4b56-9048-61a774cc5ca9,2024-09-06 17:41:25,16,0.023276567459106445,13747.731514201723,20.29625,87.73375000000001,32,10,mps,64,2,1,,medium
b4777eaa-84fb-4b56-9048-61a774cc5ca9,2024-09-06 17:41:25,17,0.022246122360229492,14384.529349352139,20.39,87.76117647058824,32,10,mps,64,2,1,,medium
b4777eaa-84fb-4b56-9048-61a774cc5ca9,2024-09-06 17:41:25,18,0.019345998764038086,16540.888061816793,19.87333333333333,87.75999999999999,32,10,mps,64,2,1,,medium
b4777eaa-84fb-4b56-9048-61a774cc5ca9,2024-09-06 17:41:25,19,0.021455764770507812,14914.406613921237,19.45684210526316,87.74105263157892,32,10,mps,64,2,1,,medium
b4777eaa-84fb-4b56-9048-61a774cc5ca9,2024-09-06 17:41:25,20,0.01954364776611328,16373.606597374714,19.8925,87.72650000000002,32,10,mps,64,2,1,,medium
dfa5b632-824f-43b6-a459-1d36911bee3d,2024-09-06 17:41:44,1,0.022214412689208984,14405.06235645137,15.38,87.55,32,10,mps,64,2,1,,medium
dfa5b632-824f-43b6-a459-1d36911bee3d,2024-09-06 17:41:44,2,0.02007436752319336,15940.72638304948,16.455000000000002,87.72500000000001,32,10,mps,64,2,1,,medium
dfa5b632-824f-43b6-a459-1d36911bee3d,2024-09-06 17:41:44,3,0.020252227783203125,15800.730834432097,15.276666666666667,87.79666666666668,32,10,mps,64,2,1,,medium
dfa5b632-824f-43b6-a459-1d36911bee3d,2024-09-06 17:41:44,4,0.0203554630279541,15720.595476533492,13.5,87.84,32,10,mps,64,2,1,,medium
dfa5b632-824f-43b6-a459-1d36911bee3d,2024-09-06 17:41:44,5,0.0206298828125,15511.479289940828,15.200000000000003,87.85400000000001,32,10,mps,64,2,1,,medium
dfa5b632-824f-43b6-a459-1d36911bee3d,2024-09-06 17:41:44,6,0.020262479782104492,15792.736300846012,15.346666666666666,87.83333333333333,32,10,mps,64,2,1,,medium
dfa5b632-824f-43b6-a459-1d36911bee3d,2024-09-06 17:41:44,7,0.024167299270629883,13241.032703595916,14.26,87.7942857142857,32,10,mps,64,2,1,,medium
dfa5b632-824f-43b6-a459-1d36911bee3d,2024-09-06 17:41:44,8,0.024402379989624023,13113.475002686833,13.63,87.79750000000001,32,10,mps,64,2,1,,medium
dfa5b632-824f-43b6-a459-1d36911bee3d,2024-09-06 17:41:44,9,0.02520012855529785,12698.347919051628,15.195555555555554,87.82444444444444,32,10,mps,64,2,1,,medium
dfa5b632-824f-43b6-a459-1d36911bee3d,2024-09-06 17:41:44,10,0.019979238510131836,16016.626451389635,15.418999999999999,87.86200000000002,32,10,mps,64,2,1,,medium
dfa5b632-824f-43b6-a459-1d36911bee3d,2024-09-06 17:41:44,11,0.021941184997558594,14584.444734211327,16.260909090909088,87.88000000000001,32,10,mps,64,2,1,,medium
dfa5b632-824f-43b6-a459-1d36911bee3d,2024-09-06 17:41:44,12,0.019563674926757812,16356.845081407819,18.40583333333333,87.88916666666667,32,10,mps,64,2,1,,medium
dfa5b632-824f-43b6-a459-1d36911bee3d,2024-09-06 17:41:44,13,0.02053523063659668,15582.97569980611,18.26846153846154,87.90153846153846,32,10,mps,64,2,1,,medium
dfa5b632-824f-43b6-a459-1d36911bee3d,2024-09-06 17:41:44,14,0.02072286605834961,15441.879472606364,18.273571428571426,87.92928571428571,32,10,mps,64,2,1,,medium
dfa5b632-824f-43b6-a459-1d36911bee3d,2024-09-06 17:41:44,15,0.02082538604736328,15365.861611027156,17.05533333333333,87.97400000000002,32,10,mps,64,2,1,,medium
dfa5b632-824f-43b6-a459-1d36911bee3d,2024-09-06 17:41:44,16,0.019323348999023438,16560.276379429473,18.091874999999998,88.000625,32,10,mps,64,2,1,,medium
dfa5b632-824f-43b6-a459-1d36911bee3d,2024-09-06 17:41:44,17,0.02094292640686035,15279.622044375634,18.14588235294118,88.00764705882354,32,10,mps,64,2,1,,medium
dfa5b632-824f-43b6-a459-1d36911bee3d,2024-09-06 17:41:44,18,0.01927328109741211,16603.296469482175,17.745,87.97444444444444,32,10,mps,64,2,1,,medium
dfa5b632-824f-43b6-a459-1d36911bee3d,2024-09-06 17:41:44,19,0.019710063934326172,16235.360832224507,17.45578947368421,87.90157894736844,32,10,mps,64,2,1,,medium
dfa5b632-824f-43b6-a459-1d36911bee3d,2024-09-06 17:41:44,20,0.021373510360717773,14971.803629792408,18.2485,87.8525,32,10,mps,64,2,1,,medium
ddae5504-b052-4c72-b94c-2b2caf0f164a,2024-09-06 17:42:01,1,0.022583961486816406,14169.34757822727,20.189999999999998,87.12,32,10,mps,64,2,1,,medium
ddae5504-b052-4c72-b94c-2b2caf0f164a,2024-09-06 17:42:01,2,0.0201418399810791,15887.327091298635,16.955,87.19499999999998,32,10,mps,64,2,1,,medium
ddae5504-b052-4c72-b94c-2b2caf0f164a,2024-09-06 17:42:01,3,0.019526004791259766,16388.401181958045,14.643333333333333,87.20999999999998,32,10,mps,64,2,1,,medium
ddae5504-b052-4c72-b94c-2b2caf0f164a,2024-09-06 17:42:01,4,0.03301405906677246,9692.840233695142,14.654999999999998,87.4,32,10,mps,64,2,1,,medium
ddae5504-b052-4c72-b94c-2b2caf0f164a,2024-09-06 17:42:01,5,0.020498037338256836,15611.2507124164,14.582,87.55400000000002,32,10,mps,64,2,1,,medium
ddae5504-b052-4c72-b94c-2b2caf0f164a,2024-09-06 17:42:01,6,0.019866228103637695,16107.738133813382,13.604999999999999,87.6416666666667,32,10,mps,64,2,1,,medium
ddae5504-b052-4c72-b94c-2b2caf0f164a,2024-09-06 17:42:01,7,0.0197598934173584,16194.419334210113,13.847142857142858,87.69714285714288,32,10,mps,64,2,1,,medium
ddae5504-b052-4c72-b94c-2b2caf0f164a,2024-09-06 17:42:01,8,0.01874542236328125,17070.83435083435,12.76,87.74125000000001,32,10,mps,64,2,1,,medium
ddae5504-b052-4c72-b94c-2b2caf0f164a,2024-09-06 17:42:01,9,0.019211530685424805,16656.663398652254,11.637777777777776,87.75222222222224,32,10,mps,64,2,1,,medium
ddae5504-b052-4c72-b94c-2b2caf0f164a,2024-09-06 17:42:01,10,0.01999688148498535,16002.49520107782,10.953,87.74400000000001,32,10,mps,64,2,1,,medium
ddae5504-b052-4c72-b94c-2b2caf0f164a,2024-09-06 17:42:01,11,0.020954370498657227,15271.27717916918,12.165454545454546,87.7190909090909,32,10,mps,64,2,1,,medium
ddae5504-b052-4c72-b94c-2b2caf0f164a,2024-09-06 17:42:01,12,0.027508974075317383,11632.567580450854,14.220833333333333,87.73250000000002,32,10,mps,64,2,1,,medium
ddae5504-b052-4c72-b94c-2b2caf0f164a,2024-09-06 17:42:01,13,0.020920515060424805,15295.990518194354,15.080769230769231,87.77846153846154,32,10,mps,64,2,1,,medium
ddae5504-b052-4c72-b94c-2b2caf0f164a,2024-09-06 17:42:01,14,0.018400907516479492,17390.44662408168,14.530714285714284,87.76785714285714,32,10,mps,64,2,1,,medium
ddae5504-b052-4c72-b94c-2b2caf0f164a,2024-09-06 17:42:01,15,0.0233917236328125,13680.052185257664,15.197999999999999,87.79266666666666,32,10,mps,64,2,1,,medium
ddae5504-b052-4c72-b94c-2b2caf0f164a,2024-09-06 17:42:01,16,0.019524574279785156,16389.601914716943,15.370625,87.829375,32,10,mps,64,2,1,,medium
ddae5504-b052-4c72-b94c-2b2caf0f164a,2024-09-06 17:42:01,17,0.019537925720214844,16378.401913408503,14.685882352941176,87.84941176470589,32,10,mps,64,2,1,,medium
ddae5504-b052-4c72-b94c-2b2caf0f164a,2024-09-06 17:42:01,18,0.020327329635620117,15742.353065365533,14.696111111111112,87.86055555555556,32,10,mps,64,2,1,,medium
ddae5504-b052-4c72-b94c-2b2caf0f164a,2024-09-06 17:42:01,19,0.0201568603515625,15875.4882664648,14.320526315789472,87.86789473684212,32,10,mps,64,2,1,,medium
ddae5504-b052-4c72-b94c-2b2caf0f164a,2024-09-06 17:42:01,20,0.019468069076538086,16437.172004163862,13.856,87.87450000000001,32,10,mps,64,2,1,,medium
d6ac536d-a586-496b-9303-471c3b50f9db,2024-09-06 17:42:18,1,0.02322983741760254,13775.3869838761,20.6,88.1,32,10,mps,64,2,1,,medium
d6ac536d-a586-496b-9303-471c3b50f9db,2024-09-06 17:42:18,2,0.023885726928710938,13397.122095344566,31.235000000000003,88.155,32,10,mps,64,2,1,,medium
d6ac536d-a586-496b-9303-471c3b50f9db,2024-09-06 17:42:18,3,0.021146535873413086,15132.502170359096,26.44,88.14666666666663,32,10,mps,64,2,1,,medium
d6ac536d-a586-496b-9303-471c3b50f9db,2024-09-06 17:42:18,4,0.019885540008544922,16092.095053113684,23.759999999999998,88.12249999999999,32,10,mps,64,2,1,,medium
d6ac536d-a586-496b-9303-471c3b50f9db,2024-09-06 17:42:18,5,0.02779221534729004,11514.01556159871,21.732,88.08,32,10,mps,64,2,1,,medium
d6ac536d-a586-496b-9303-471c3b50f9db,2024-09-06 17:42:18,6,0.0247194766998291,12945.25785823825,21.988333333333337,88.10499999999998,32,10,mps,64,2,1,,medium
d6ac536d-a586-496b-9303-471c3b50f9db,2024-09-06 17:42:18,7,0.024008750915527344,13328.473485600794,20.354285714285716,88.10000000000001,32,10,mps,64,2,1,,medium
d6ac536d-a586-496b-9303-471c3b50f9db,2024-09-06 17:42:18,8,0.024998903274536133,12800.561548072063,22.182499999999997,88.08624999999999,32,10,mps,64,2,1,,medium
d6ac536d-a586-496b-9303-471c3b50f9db,2024-09-06 17:42:18,9,0.019334077835083008,16551.086776910463,21.198888888888888,88.08333333333333,32,10,mps,64,2,1,,medium
d6ac536d-a586-496b-9303-471c3b50f9db,2024-09-06 17:42:18,10,0.020158767700195312,15873.986186015707,20.997,88.074,32,10,mps,64,2,1,,medium
d6ac536d-a586-496b-9303-471c3b50f9db,2024-09-06 17:42:18,11,0.020929574966430664,15289.369254428433,19.819999999999997,88.06545454545456,32,10,mps,64,2,1,,medium
d6ac536d-a586-496b-9303-471c3b50f9db,2024-09-06 17:42:18,12,0.018672466278076172,17137.532623407136,18.929166666666667,88.01083333333332,32,10,mps,64,2,1,,medium
d6ac536d-a586-496b-9303-471c3b50f9db,2024-09-06 17:42:18,13,0.024281978607177734,13178.497731869686,18.496153846153845,87.96461538461537,32,10,mps,64,2,1,,medium
d6ac536d-a586-496b-9303-471c3b50f9db,2024-09-06 17:42:18,14,0.01911163330078125,16743.72854291417,18.151428571428575,87.93785714285714,32,10,mps,64,2,1,,medium
d6ac536d-a586-496b-9303-471c3b50f9db,2024-09-06 17:42:18,15,0.019583702087402344,16340.117847577307,17.251333333333335,87.916,32,10,mps,64,2,1,,medium
d6ac536d-a586-496b-9303-471c3b50f9db,2024-09-06 17:42:18,16,0.019996166229248047,16003.067604626207,16.645,87.8875,32,10,mps,64,2,1,,medium
d6ac536d-a586-496b-9303-471c3b50f9db,2024-09-06 17:42:18,17,0.02129530906677246,15026.783551092152,16.71941176470588,87.89117647058823,32,10,mps,64,2,1,,medium
d6ac536d-a586-496b-9303-471c3b50f9db,2024-09-06 17:42:18,18,0.021415233612060547,14942.634098550467,16.977777777777778,87.89111111111112,32,10,mps,64,2,1,,medium
d6ac536d-a586-496b-9303-471c3b50f9db,2024-09-06 17:42:18,19,0.02473306655883789,12938.144942065588,17.515263157894736,87.89210526315787,32,10,mps,64,2,1,,medium
d6ac536d-a586-496b-9303-471c3b50f9db,2024-09-06 17:42:18,20,0.02205061912536621,14512.064181993144,17.254499999999997,87.90100000000001,32,10,mps,64,2,1,,medium
648f4ad4-5c22-4fb2-9e2e-a997e274ec44,2024-09-06 17:42:35,1,0.05119132995605469,6251.058534222587,47.61,88.15,32,10,mps,64,2,1,,medium
648f4ad4-5c22-4fb2-9e2e-a997e274ec44,2024-09-06 17:42:35,2,0.04446816444396973,7196.159409799853,56.279999999999994,88.135,32,10,mps,64,2,1,,medium
648f4ad4-5c22-4fb2-9e2e-a997e274ec44,2024-09-06 17:42:35,3,0.022214412689208984,14405.06235645137,49.440000000000005,87.94333333333333,32,10,mps,64,2,1,,medium
648f4ad4-5c22-4fb2-9e2e-a997e274ec44,2024-09-06 17:42:35,4,0.019357681274414062,16530.905507931817,42.475,87.7325,32,10,mps,64,2,1,,medium
648f4ad4-5c22-4fb2-9e2e-a997e274ec44,2024-09-06 17:42:35,5,0.019189834594726562,16675.495477586723,35.622,87.624,32,10,mps,64,2,1,,medium
648f4ad4-5c22-4fb2-9e2e-a997e274ec44,2024-09-06 17:42:35,6,0.020125627517700195,15900.125336144907,32.29833333333333,87.57666666666667,32,10,mps,64,2,1,,medium
648f4ad4-5c22-4fb2-9e2e-a997e274ec44,2024-09-06 17:42:35,7,0.022340059280395508,14324.044353848945,29.8,87.58714285714287,32,10,mps,64,2,1,,medium
648f4ad4-5c22-4fb2-9e2e-a997e274ec44,2024-09-06 17:42:35,8,0.023546934127807617,13589.879610785416,29.38125,87.68625,32,10,mps,64,2,1,,medium
648f4ad4-5c22-4fb2-9e2e-a997e274ec44,2024-09-06 17:42:35,9,0.024640321731567383,12986.843414063029,28.947777777777773,87.65555555555555,32,10,mps,64,2,1,,medium
648f4ad4-5c22-4fb2-9e2e-a997e274ec44,2024-09-06 17:42:35,10,0.019793272018432617,16167.109697780026,27.688000000000002,87.53300000000003,32,10,mps,64,2,1,,medium
648f4ad4-5c22-4fb2-9e2e-a997e274ec44,2024-09-06 17:42:35,11,0.018443584442138672,17350.206572041676,26.448181818181816,87.41000000000004,32,10,mps,64,2,1,,medium
648f4ad4-5c22-4fb2-9e2e-a997e274ec44,2024-09-06 17:42:35,12,0.018996477127075195,16845.228610514954,24.9925,87.30916666666668,32,10,mps,64,2,1,,medium
648f4ad4-5c22-4fb2-9e2e-a997e274ec44,2024-09-06 17:42:35,13,0.018555879592895508,17245.207827416514,23.458461538461542,87.22769230769232,32,10,mps,64,2,1,,medium
648f4ad4-5c22-4fb2-9e2e-a997e274ec44,2024-09-06 17:42:35,14,0.018547773361206055,17252.744777942025,22.474285714285713,87.16571428571429,32,10,mps,64,2,1,,medium
648f4ad4-5c22-4fb2-9e2e-a997e274ec44,2024-09-06 17:42:35,15,0.01944589614868164,16455.914273803977,21.924666666666667,87.12,32,10,mps,64,2,1,,medium
648f4ad4-5c22-4fb2-9e2e-a997e274ec44,2024-09-06 17:42:35,16,0.018128156661987305,17652.09811271125,20.834375,87.09312500000001,32,10,mps,64,2,1,,medium
648f4ad4-5c22-4fb2-9e2e-a997e274ec44,2024-09-06 17:42:35,17,0.018723726272583008,17090.615155412375,21.10764705882353,87.07823529411765,32,10,mps,64,2,1,,medium
648f4ad4-5c22-4fb2-9e2e-a997e274ec44,2024-09-06 17:42:35,18,0.019166231155395508,16696.031546604634,20.755555555555556,87.07333333333334,32,10,mps,64,2,1,,medium
648f4ad4-5c22-4fb2-9e2e-a997e274ec44,2024-09-06 17:42:35,19,0.018599987030029297,17204.313072012716,20.08315789473684,87.06684210526315,32,10,mps,64,2,1,,medium
648f4ad4-5c22-4fb2-9e2e-a997e274ec44,2024-09-06 17:42:35,20,0.01844477653503418,17349.08522161757,19.441000000000003,87.0385,32,10,mps,64,2,1,,medium
6a5fba3e-1895-4c82-b699-61bd50077856,2024-09-06 17:42:51,1,0.02181410789489746,14669.405759877589,18.410000000000004,86.82000000000001,32,10,mps,64,2,1,,medium
6a5fba3e-1895-4c82-b699-61bd50077856,2024-09-06 17:42:51,2,0.020762205123901367,15412.621062664355,20.565,87.06000000000002,32,10,mps,64,2,1,,medium
6a5fba3e-1895-4c82-b699-61bd50077856,2024-09-06 17:42:51,3,0.020385026931762695,15697.796283084408,16.12,87.11666666666663,32,10,mps,64,2,1,,medium
6a5fba3e-1895-4c82-b699-61bd50077856,2024-09-06 17:42:51,4,0.033101797103881836,9667.148855869029,17.044999999999998,87.125,32,10,mps,64,2,1,,medium
6a5fba3e-1895-4c82-b699-61bd50077856,2024-09-06 17:42:51,5,0.025937318801879883,12337.43558631847,16.854,87.26799999999999,32,10,mps,64,2,1,,medium
6a5fba3e-1895-4c82-b699-61bd50077856,2024-09-06 17:42:51,6,0.03224992752075195,9922.502920172104,22.056666666666665,87.39,32,10,mps,64,2,1,,medium
6a5fba3e-1895-4c82-b699-61bd50077856,2024-09-06 17:42:51,7,0.028057575225830078,11405.119559490831,25.377142857142854,87.47571428571425,32,10,mps,64,2,1,,medium
6a5fba3e-1895-4c82-b699-61bd50077856,2024-09-06 17:42:51,8,0.023091793060302734,13857.737212711916,23.60125,87.40874999999998,32,10,mps,64,2,1,,medium
6a5fba3e-1895-4c82-b699-61bd50077856,2024-09-06 17:42:51,9,0.01901412010192871,16829.598124161454,23.62666666666666,87.36666666666666,32,10,mps,64,2,1,,medium
6a5fba3e-1895-4c82-b699-61bd50077856,2024-09-06 17:42:51,10,0.021285533905029297,15033.684446336163,24.215,87.38300000000001,32,10,mps,64,2,1,,medium
6a5fba3e-1895-4c82-b699-61bd50077856,2024-09-06 17:42:51,11,0.0702979564666748,4552.052663887862,24.193636363636365,87.39181818181818,32,10,mps,64,2,1,,medium
6a5fba3e-1895-4c82-b699-61bd50077856,2024-09-06 17:42:51,12,0.030811786651611328,10385.635978148166,26.393333333333334,87.27333333333333,32,10,mps,64,2,1,,medium
6a5fba3e-1895-4c82-b699-61bd50077856,2024-09-06 17:42:51,13,0.03705763816833496,8635.196839755261,27.193076923076926,87.17538461538462,32,10,mps,64,2,1,,medium
6a5fba3e-1895-4c82-b699-61bd50077856,2024-09-06 17:42:51,14,0.022081851959228516,14491.538145932756,25.946428571428573,87.10071428571429,32,10,mps,64,2,1,,medium
6a5fba3e-1895-4c82-b699-61bd50077856,2024-09-06 17:42:51,15,0.017537832260131836,18246.268709471307,25.366666666666667,87.04799999999999,32,10,mps,64,2,1,,medium
6a5fba3e-1895-4c82-b699-61bd50077856,2024-09-06 17:42:51,16,0.01870107650756836,17111.31441393202,24.823125,86.97874999999999,32,10,mps,64,2,1,,medium
6a5fba3e-1895-4c82-b699-61bd50077856,2024-09-06 17:42:51,17,0.019609689712524414,16318.463203200039,24.51117647058824,86.8941176470588,32,10,mps,64,2,1,,medium
6a5fba3e-1895-4c82-b699-61bd50077856,2024-09-06 17:42:51,18,0.019177675247192383,16686.068351629227,23.824444444444442,86.80333333333333,32,10,mps,64,2,1,,medium
6a5fba3e-1895-4c82-b699-61bd50077856,2024-09-06 17:42:51,19,0.020993709564208984,15242.66109432848,24.177894736842106,86.74157894736842,32,10,mps,64,2,1,,medium
6a5fba3e-1895-4c82-b699-61bd50077856,2024-09-06 17:42:51,20,0.018325090408325195,17462.39679421293,24.0215,86.6625,32,10,mps,64,2,1,,medium
eba94a12-b7af-4979-9bc5-753b2d0052fe,2024-09-06 17:43:09,1,0.027179956436157227,11773.381637003184,17.919999999999998,85.19000000000001,32,10,mps,64,2,1,,medium
eba94a12-b7af-4979-9bc5-753b2d0052fe,2024-09-06 17:43:09,2,0.021479368209838867,14898.017338024885,14.555000000000001,85.53999999999999,32,10,mps,64,2,1,,medium
eba94a12-b7af-4979-9bc5-753b2d0052fe,2024-09-06 17:43:09,3,0.021216154098510742,15082.846707946104,21.87666666666667,85.89333333333333,32,10,mps,64,2,1,,medium
eba94a12-b7af-4979-9bc5-753b2d0052fe,2024-09-06 17:43:09,4,0.018091678619384766,17687.689834216282,18.964999999999996,86.22749999999999,32,10,mps,64,2,1,,medium
eba94a12-b7af-4979-9bc5-753b2d0052fe,2024-09-06 17:43:09,5,0.01842522621154785,17367.493691851814,15.171999999999999,86.402,32,10,mps,64,2,1,,medium
eba94a12-b7af-4979-9bc5-753b2d0052fe,2024-09-06 17:43:09,6,0.01972222328186035,16225.351240918268,13.875,86.3133333333333,32,10,mps,64,2,1,,medium
eba94a12-b7af-4979-9bc5-753b2d0052fe,2024-09-06 17:43:09,7,0.018107891082763672,17671.853587886766,15.900000000000004,86.25999999999999,32,10,mps,64,2,1,,medium
eba94a12-b7af-4979-9bc5-753b2d0052fe,2024-09-06 17:43:09,8,0.017661571502685547,18118.43300305084,16.03125,86.22625000000001,32,10,mps,64,2,1,,medium
eba94a12-b7af-4979-9bc5-753b2d0052fe,2024-09-06 17:43:09,9,0.02127981185913086,15037.726936607884,17.01777777777778,86.14333333333333,32,10,mps,64,2,1,,medium
eba94a12-b7af-4979-9bc5-753b2d0052fe,2024-09-06 17:43:09,10,0.018677234649658203,17133.157343817817,16.641000000000002,86.04799999999999,32,10,mps,64,2,1,,medium
eba94a12-b7af-4979-9bc5-753b2d0052fe,2024-09-06 17:43:09,11,0.01887965202331543,16949.464937426597,15.128181818181819,85.96181818181819,32,10,mps,64,2,1,,medium
eba94a12-b7af-4979-9bc5-753b2d0052fe,2024-09-06 17:43:09,12,0.01846933364868164,17326.01760772468,15.073333333333334,85.8775,32,10,mps,64,2,1,,medium
eba94a12-b7af-4979-9bc5-753b2d0052fe,2024-09-06 17:43:09,13,0.017055749893188477,18762.0012021751,14.983076923076922,85.80999999999999,32,10,mps,64,2,1,,medium
eba94a12-b7af-4979-9bc5-753b2d0052fe,2024-09-06 17:43:09,14,0.018604278564453125,17200.344474061923,14.427857142857144,85.75285714285715,32,10,mps,64,2,1,,medium
eba94a12-b7af-4979-9bc5-753b2d0052fe,2024-09-06 17:43:09,15,0.01769232749938965,18086.936272858355,14.469333333333333,85.69666666666664,32,10,mps,64,2,1,,medium
eba94a12-b7af-4979-9bc5-753b2d0052fe,2024-09-06 17:43:09,16,0.018288135528564453,17497.683101713035,13.880625,85.655,32,10,mps,64,2,1,,medium
eba94a12-b7af-4979-9bc5-753b2d0052fe,2024-09-06 17:43:09,17,0.01740884780883789,18381.457722753294,13.518823529411764,85.62588235294119,32,10,mps,64,2,1,,medium
eba94a12-b7af-4979-9bc5-753b2d0052fe,2024-09-06 17:43:09,18,0.021028995513916016,15217.084419854426,13.416111111111112,85.60388888888889,32,10,mps,64,2,1,,medium
eba94a12-b7af-4979-9bc5-753b2d0052fe,2024-09-06 17:43:09,19,0.019649744033813477,16285.199412742517,13.480526315789474,85.60473684210528,32,10,mps,64,2,1,,medium
eba94a12-b7af-4979-9bc5-753b2d0052fe,2024-09-06 17:43:09,20,0.01943516731262207,16464.998466577523,14.4575,85.61400000000002,32,10,mps,64,2,1,,medium
c3b6be70-45a3-41ee-b6fb-ac758b8fbd59,2024-09-06 17:47:08,1,0.3990345001220703,801.9356719835189,39.61,87.03,32,10,mps,64,2,1,,high
c3b6be70-45a3-41ee-b6fb-ac758b8fbd59,2024-09-06 17:47:08,2,0.021008729934692383,15231.763223895503,30.355,87.01000000000002,32,10,mps,64,2,1,,high
c3b6be70-45a3-41ee-b6fb-ac758b8fbd59,2024-09-06 17:47:08,3,0.02221369743347168,14405.526183039787,29.209999999999997,87.01000000000003,32,10,mps,64,2,1,,high
c3b6be70-45a3-41ee-b6fb-ac758b8fbd59,2024-09-06 17:47:08,4,0.02096724510192871,15261.900094379314,27.640000000000004,87.105,32,10,mps,64,2,1,,high
c3b6be70-45a3-41ee-b6fb-ac758b8fbd59,2024-09-06 17:47:08,5,0.021132707595825195,15142.404187867369,26.300000000000004,87.25800000000001,32,10,mps,64,2,1,,high
c3b6be70-45a3-41ee-b6fb-ac758b8fbd59,2024-09-06 17:47:08,6,0.02153944969177246,14856.461264292751,24.040000000000003,87.39166666666668,32,10,mps,64,2,1,,high
c3b6be70-45a3-41ee-b6fb-ac758b8fbd59,2024-09-06 17:47:08,7,0.021467208862304688,14906.455797423367,21.57714285714286,87.39142857142853,32,10,mps,64,2,1,,high
c3b6be70-45a3-41ee-b6fb-ac758b8fbd59,2024-09-06 17:47:08,8,0.02022719383239746,15820.286424875352,20.80375,87.42500000000001,32,10,mps,64,2,1,,high
c3b6be70-45a3-41ee-b6fb-ac758b8fbd59,2024-09-06 17:47:08,9,0.020728349685668945,15437.794366294384,21.766666666666666,87.46111111111114,32,10,mps,64,2,1,,high
c3b6be70-45a3-41ee-b6fb-ac758b8fbd59,2024-09-06 17:47:08,10,0.022964954376220703,13934.275451091133,22.296,87.49799999999999,32,10,mps,64,2,1,,high
c3b6be70-45a3-41ee-b6fb-ac758b8fbd59,2024-09-06 17:47:08,11,0.10309648513793945,3103.8885522804326,24.37,87.57181818181822,32,10,mps,64,2,1,,high
c3b6be70-45a3-41ee-b6fb-ac758b8fbd59,2024-09-06 17:47:08,12,0.06270790100097656,5103.025215196034,26.509166666666665,87.6625,32,10,mps,64,2,1,,high
c3b6be70-45a3-41ee-b6fb-ac758b8fbd59,2024-09-06 17:47:08,13,0.08851289749145508,3615.292336700337,28.14923076923077,87.71307692307693,32,10,mps,64,2,1,,high
c3b6be70-45a3-41ee-b6fb-ac758b8fbd59,2024-09-06 17:47:08,14,0.024246931076049805,13197.546485216177,27.46857142857143,87.7457142857143,32,10,mps,64,2,1,,high
c3b6be70-45a3-41ee-b6fb-ac758b8fbd59,2024-09-06 17:47:08,15,0.11242222785949707,2846.412191723591,30.31866666666667,87.778,32,10,mps,64,2,1,,high
c3b6be70-45a3-41ee-b6fb-ac758b8fbd59,2024-09-06 17:47:08,16,0.047609806060791016,6721.3044218538735,32.511874999999996,87.79375,32,10,mps,64,2,1,,high
c3b6be70-45a3-41ee-b6fb-ac758b8fbd59,2024-09-06 17:47:08,17,0.09035897254943848,3541.430263883502,33.39058823529412,87.84000000000002,32,10,mps,64,2,1,,high
c3b6be70-45a3-41ee-b6fb-ac758b8fbd59,2024-09-06 17:47:08,18,0.039061546325683594,8192.200004882932,35.67222222222222,87.88111111111112,32,10,mps,64,2,1,,high
c3b6be70-45a3-41ee-b6fb-ac758b8fbd59,2024-09-06 17:47:08,19,0.026422739028930664,12110.780780509813,36.50157894736842,87.91052631578947,32,10,mps,64,2,1,,high
c3b6be70-45a3-41ee-b6fb-ac758b8fbd59,2024-09-06 17:47:08,20,0.028336763381958008,11292.750540583746,36.691,87.93299999999999,32,10,mps,64,2,1,,high
eaa2856b-4c6a-4964-b253-59d7e91d053a,2024-09-06 17:47:30,1,0.027240753173828125,11747.105447416328,42.64,88.22999999999999,32,10,mps,64,2,1,,high
eaa2856b-4c6a-4964-b253-59d7e91d053a,2024-09-06 17:47:30,2,0.034311771392822266,9326.245396556276,39.595,88.03,32,10,mps,64,2,1,,high
eaa2856b-4c6a-4964-b253-59d7e91d053a,2024-09-06 17:47:30,3,0.17729806900024414,1804.8701929154083,46.04333333333333,88.08,32,10,mps,64,2,1,,high
eaa2856b-4c6a-4964-b253-59d7e91d053a,2024-09-06 17:47:30,4,0.1839907169342041,1739.218180852208,50.834999999999994,88.18499999999999,32,10,mps,64,2,1,,high
eaa2856b-4c6a-4964-b253-59d7e91d053a,2024-09-06 17:47:30,5,0.024870872497558594,12866.45653591012,44.276,88.01799999999999,32,10,mps,64,2,1,,high
eaa2856b-4c6a-4964-b253-59d7e91d053a,2024-09-06 17:47:30,6,0.021475791931152344,14900.498245925663,41.22666666666667,87.86166666666668,32,10,mps,64,2,1,,high
eaa2856b-4c6a-4964-b253-59d7e91d053a,2024-09-06 17:47:30,7,0.023949146270751953,13361.645395719263,39.37428571428572,87.73857142857143,32,10,mps,64,2,1,,high
eaa2856b-4c6a-4964-b253-59d7e91d053a,2024-09-06 17:47:30,8,0.020566225051879883,15559.491311253058,38.9225,87.66875,32,10,mps,64,2,1,,high
eaa2856b-4c6a-4964-b253-59d7e91d053a,2024-09-06 17:47:30,9,0.022353172302246094,14315.641452280388,37.388888888888886,87.63888888888889,32,10,mps,64,2,1,,high
eaa2856b-4c6a-4964-b253-59d7e91d053a,2024-09-06 17:47:30,10,0.021589994430541992,14821.680525647396,36.465,87.62700000000001,32,10,mps,64,2,1,,high
eaa2856b-4c6a-4964-b253-59d7e91d053a,2024-09-06 17:47:30,11,0.02026200294494629,15793.107960228275,34.041818181818186,87.6109090909091,32,10,mps,64,2,1,,high
eaa2856b-4c6a-4964-b253-59d7e91d053a,2024-09-06 17:47:30,12,0.02121567726135254,15083.185705455975,33.03666666666667,87.63000000000002,32,10,mps,64,2,1,,high
eaa2856b-4c6a-4964-b253-59d7e91d053a,2024-09-06 17:47:30,13,0.02169489860534668,14750.011319303258,31.506153846153847,87.69846153846153,32,10,mps,64,2,1,,high
eaa2856b-4c6a-4964-b253-59d7e91d053a,2024-09-06 17:47:30,14,0.019283294677734375,16594.674579624134,29.65285714285714,87.74785714285713,32,10,mps,64,2,1,,high
eaa2856b-4c6a-4964-b253-59d7e91d053a,2024-09-06 17:47:30,15,0.019138574600219727,16720.158459257782,29.89133333333334,87.74,32,10,mps,64,2,1,,high
eaa2856b-4c6a-4964-b253-59d7e91d053a,2024-09-06 17:47:30,16,0.031359195709228516,10204.343343723865,29.402499999999996,87.75874999999999,32,10,mps,64,2,1,,high
eaa2856b-4c6a-4964-b253-59d7e91d053a,2024-09-06 17:47:30,17,0.025722265243530273,12440.583944312104,29.55235294117647,87.79058823529411,32,10,mps,64,2,1,,high
eaa2856b-4c6a-4964-b253-59d7e91d053a,2024-09-06 17:47:30,18,0.022304534912109375,14346.858217889516,30.03611111111111,87.81833333333333,32,10,mps,64,2,1,,high
eaa2856b-4c6a-4964-b253-59d7e91d053a,2024-09-06 17:47:30,19,0.020029067993164062,15976.779354347205,29.78789473684211,87.83894736842107,32,10,mps,64,2,1,,high
eaa2856b-4c6a-4964-b253-59d7e91d053a,2024-09-06 17:47:30,20,0.02033257484436035,15738.29199939025,29.7965,87.855,32,10,mps,64,2,1,,high
d081b5c8-dcbf-4112-bee9-9edd5fcbc9f9,2024-09-06 17:47:50,1,0.02389812469482422,13390.171994093938,58.50999999999999,88.28,32,10,mps,64,2,1,,high
d081b5c8-dcbf-4112-bee9-9edd5fcbc9f9,2024-09-06 17:47:50,2,0.02566242218017578,12469.594559441079,43.04,88.23499999999999,32,10,mps,64,2,1,,high
d081b5c8-dcbf-4112-bee9-9edd5fcbc9f9,2024-09-06 17:47:50,3,0.018423795700073242,17368.8421869945,32.58,88.23666666666666,32,10,mps,64,2,1,,high
d081b5c8-dcbf-4112-bee9-9edd5fcbc9f9,2024-09-06 17:47:50,4,0.019764184951782227,16190.902927729592,28.314999999999998,88.2375,32,10,mps,64,2,1,,high
d081b5c8-dcbf-4112-bee9-9edd5fcbc9f9,2024-09-06 17:47:50,5,0.023185253143310547,13801.8764782099,24.696000000000005,88.242,32,10,mps,64,2,1,,high
d081b5c8-dcbf-4112-bee9-9edd5fcbc9f9,2024-09-06 17:47:50,6,0.019456863403320312,16446.638564846584,27.419999999999998,88.25500000000001,32,10,mps,64,2,1,,high
d081b5c8-dcbf-4112-bee9-9edd5fcbc9f9,2024-09-06 17:47:50,7,0.01921868324279785,16650.46434021015,28.385714285714286,88.24999999999999,32,10,mps,64,2,1,,high
d081b5c8-dcbf-4112-bee9-9edd5fcbc9f9,2024-09-06 17:47:50,8,0.022045612335205078,14515.360024225121,27.71125,88.24875,32,10,mps,64,2,1,,high
d081b5c8-dcbf-4112-bee9-9edd5fcbc9f9,2024-09-06 17:47:50,9,0.025387048721313477,12604.852321071365,26.275555555555556,88.28555555555556,32,10,mps,64,2,1,,high
d081b5c8-dcbf-4112-bee9-9edd5fcbc9f9,2024-09-06 17:47:50,10,0.02104663848876953,15204.32824323712,27.324,88.32700000000004,32,10,mps,64,2,1,,high
d081b5c8-dcbf-4112-bee9-9edd5fcbc9f9,2024-09-06 17:47:50,11,0.021003007888793945,15235.91295562644,28.19727272727273,88.35818181818186,32,10,mps,64,2,1,,high
d081b5c8-dcbf-4112-bee9-9edd5fcbc9f9,2024-09-06 17:47:50,12,0.020827293395996094,15364.454416411008,27.880833333333335,88.35083333333336,32,10,mps,64,2,1,,high
d081b5c8-dcbf-4112-bee9-9edd5fcbc9f9,2024-09-06 17:47:50,13,0.019064664840698242,16784.979052811927,28.329230769230772,88.32692307692308,32,10,mps,64,2,1,,high
d081b5c8-dcbf-4112-bee9-9edd5fcbc9f9,2024-09-06 17:47:50,14,0.02574014663696289,12431.941609084677,29.00357142857143,88.32142857142857,32,10,mps,64,2,1,,high
d081b5c8-dcbf-4112-bee9-9edd5fcbc9f9,2024-09-06 17:47:50,15,0.020252466201782227,15800.544823120843,30.762,88.33133333333332,32,10,mps,64,2,1,,high
d081b5c8-dcbf-4112-bee9-9edd5fcbc9f9,2024-09-06 17:47:50,16,0.0265195369720459,12066.575684836062,31.825,88.29875,32,10,mps,64,2,1,,high
d081b5c8-dcbf-4112-bee9-9edd5fcbc9f9,2024-09-06 17:47:50,17,0.023998737335205078,13334.034850682508,31.696470588235297,88.28411764705882,32,10,mps,64,2,1,,high
d081b5c8-dcbf-4112-bee9-9edd5fcbc9f9,2024-09-06 17:47:50,18,0.03037095069885254,10536.384032656906,30.588888888888896,88.28222222222222,32,10,mps,64,2,1,,high
d081b5c8-dcbf-4112-bee9-9edd5fcbc9f9,2024-09-06 17:47:50,19,0.030733585357666016,10412.062122787147,29.870000000000005,88.28631578947369,32,10,mps,64,2,1,,high
d081b5c8-dcbf-4112-bee9-9edd5fcbc9f9,2024-09-06 17:47:50,20,0.022534847259521484,14200.229374299075,30.666000000000004,88.2925,32,10,mps,64,2,1,,high
75317f29-c974-4483-86c1-7e964a76b10b,2024-09-06 17:48:08,1,0.020704030990600586,15455.927405889059,14.430000000000001,88.48,32,10,mps,64,2,1,,high
75317f29-c974-4483-86c1-7e964a76b10b,2024-09-06 17:48:08,2,0.024364948272705078,13133.621151926727,23.945,88.49000000000001,32,10,mps,64,2,1,,high
75317f29-c974-4483-86c1-7e964a76b10b,2024-09-06 17:48:08,3,0.019940853118896484,16047.457854085464,25.776666666666664,88.47666666666667,32,10,mps,64,2,1,,high
75317f29-c974-4483-86c1-7e964a76b10b,2024-09-06 17:48:08,4,0.021620988845825195,14800.433147709104,26.415,88.3875,32,10,mps,64,2,1,,high
75317f29-c974-4483-86c1-7e964a76b10b,2024-09-06 17:48:08,5,0.024054527282714844,13303.109067121279,26.59,88.21,32,10,mps,64,2,1,,high
75317f29-c974-4483-86c1-7e964a76b10b,2024-09-06 17:48:08,6,0.033367156982421875,9590.268663541785,28.72166666666666,88.20833333333333,32,10,mps,64,2,1,,high
75317f29-c974-4483-86c1-7e964a76b10b,2024-09-06 17:48:08,7,0.02893686294555664,11058.558787179698,25.512857142857136,88.20857142857147,32,10,mps,64,2,1,,high
75317f29-c974-4483-86c1-7e964a76b10b,2024-09-06 17:48:08,8,0.018757343292236328,17059.985255611766,25.04,88.16,32,10,mps,64,2,1,,high
75317f29-c974-4483-86c1-7e964a76b10b,2024-09-06 17:48:08,9,0.02326488494873047,13754.634966181595,27.111111111111107,88.12,32,10,mps,64,2,1,,high
75317f29-c974-4483-86c1-7e964a76b10b,2024-09-06 17:48:08,10,0.023885488510131836,13397.255821846022,28.142999999999997,88.09500000000001,32,10,mps,64,2,1,,high
75317f29-c974-4483-86c1-7e964a76b10b,2024-09-06 17:48:08,11,0.019121408462524414,16735.168888168475,26.968181818181822,88.09636363636366,32,10,mps,64,2,1,,high
75317f29-c974-4483-86c1-7e964a76b10b,2024-09-06 17:48:08,12,0.021548748016357422,14850.05067380673,25.236666666666668,88.08333333333333,32,10,mps,64,2,1,,high
75317f29-c974-4483-86c1-7e964a76b10b,2024-09-06 17:48:08,13,0.024082183837890625,13287.831458894345,24.094615384615384,88.04307692307694,32,10,mps,64,2,1,,high
75317f29-c974-4483-86c1-7e964a76b10b,2024-09-06 17:48:08,14,0.02195429801940918,14575.733631614956,24.352142857142855,88.00857142857143,32,10,mps,64,2,1,,high
75317f29-c974-4483-86c1-7e964a76b10b,2024-09-06 17:48:08,15,0.01928091049194336,16596.726598244095,23.41133333333333,87.98533333333333,32,10,mps,64,2,1,,high
75317f29-c974-4483-86c1-7e964a76b10b,2024-09-06 17:48:08,16,0.018114328384399414,17665.573528831093,22.280625,87.95500000000001,32,10,mps,64,2,1,,high
75317f29-c974-4483-86c1-7e964a76b10b,2024-09-06 17:48:08,17,0.0183560848236084,17432.91137925212,20.97,87.92235294117647,32,10,mps,64,2,1,,high
75317f29-c974-4483-86c1-7e964a76b10b,2024-09-06 17:48:08,18,0.01889181137084961,16938.55574345642,20.084444444444443,87.89944444444446,32,10,mps,64,2,1,,high
75317f29-c974-4483-86c1-7e964a76b10b,2024-09-06 17:48:08,19,0.01795506477355957,17822.269317080296,19.592631578947366,87.88684210526314,32,10,mps,64,2,1,,high
75317f29-c974-4483-86c1-7e964a76b10b,2024-09-06 17:48:08,20,0.018259048461914062,17525.55729656325,19.5975,87.8475,32,10,mps,64,2,1,,high
c45fc699-e35d-45be-9583-48d03d1959c0,2024-09-06 17:48:25,1,0.024765729904174805,12921.08091456077,17.2,87.63,32,10,mps,64,2,1,,high
c45fc699-e35d-45be-9583-48d03d1959c0,2024-09-06 17:48:25,2,0.02379918098449707,13445.840855130684,24.785,87.83999999999997,32,10,mps,64,2,1,,high
c45fc699-e35d-45be-9583-48d03d1959c0,2024-09-06 17:48:25,3,0.019242048263549805,16630.24619921444,22.85666666666667,87.92999999999998,32,10,mps,64,2,1,,high
c45fc699-e35d-45be-9583-48d03d1959c0,2024-09-06 17:48:25,4,0.020177364349365234,15859.355784000945,19.945,88.0,32,10,mps,64,2,1,,high
c45fc699-e35d-45be-9583-48d03d1959c0,2024-09-06 17:48:25,5,0.030038118362426758,10653.130670137869,19.948,88.12000000000003,32,10,mps,64,2,1,,high
c45fc699-e35d-45be-9583-48d03d1959c0,2024-09-06 17:48:25,6,0.018938064575195312,16897.186020747307,18.43166666666667,88.07833333333333,32,10,mps,64,2,1,,high
c45fc699-e35d-45be-9583-48d03d1959c0,2024-09-06 17:48:25,7,0.019753694534301758,16199.501285409098,18.54714285714286,87.95285714285716,32,10,mps,64,2,1,,high
c45fc699-e35d-45be-9583-48d03d1959c0,2024-09-06 17:48:25,8,0.018490076065063477,17306.58104779957,19.11625,87.83875,32,10,mps,64,2,1,,high
c45fc699-e35d-45be-9583-48d03d1959c0,2024-09-06 17:48:25,9,0.021109819412231445,15158.822240543928,17.59777777777778,87.75777777777779,32,10,mps,64,2,1,,high
c45fc699-e35d-45be-9583-48d03d1959c0,2024-09-06 17:48:25,10,0.0177004337310791,18078.65303538476,17.997,87.70000000000003,32,10,mps,64,2,1,,high
c45fc699-e35d-45be-9583-48d03d1959c0,2024-09-06 17:48:25,11,0.020072460174560547,15942.24112127331,18.34090909090909,87.65363636363641,32,10,mps,64,2,1,,high
c45fc699-e35d-45be-9583-48d03d1959c0,2024-09-06 17:48:25,12,0.020778656005859375,15400.41857903433,18.229166666666668,87.61333333333336,32,10,mps,64,2,1,,high
c45fc699-e35d-45be-9583-48d03d1959c0,2024-09-06 17:48:25,13,0.07366204261779785,4344.1640854347315,18.32076923076923,87.64769230769231,32,10,mps,64,2,1,,high
c45fc699-e35d-45be-9583-48d03d1959c0,2024-09-06 17:48:25,14,0.08112144470214844,3944.7029225741226,21.71857142857143,87.74214285714287,32,10,mps,64,2,1,,high
c45fc699-e35d-45be-9583-48d03d1959c0,2024-09-06 17:48:25,15,0.11586689949035645,2761.789617289565,22.36133333333333,87.80733333333333,32,10,mps,64,2,1,,high
c45fc699-e35d-45be-9583-48d03d1959c0,2024-09-06 17:48:25,16,0.03853130340576172,8304.93577209613,25.283749999999998,87.87125,32,10,mps,64,2,1,,high
c45fc699-e35d-45be-9583-48d03d1959c0,2024-09-06 17:48:25,17,0.029751300811767578,10755.832224768805,27.452352941176468,87.92647058823529,32,10,mps,64,2,1,,high
c45fc699-e35d-45be-9583-48d03d1959c0,2024-09-06 17:48:25,18,0.028778076171875,11119.575821845176,27.977777777777778,87.96444444444445,32,10,mps,64,2,1,,high
c45fc699-e35d-45be-9583-48d03d1959c0,2024-09-06 17:48:25,19,0.03738832473754883,8558.821563851088,29.129473684210527,88.0084210526316,32,10,mps,64,2,1,,high
c45fc699-e35d-45be-9583-48d03d1959c0,2024-09-06 17:48:25,20,0.02635788917541504,12140.57764149322,30.798500000000004,88.05400000000002,32,10,mps,64,2,1,,high
fe33f3f9-eed4-4974-a07a-9c3414643891,2024-09-06 17:48:45,1,0.10880422592163086,2941.062236226822,61.029999999999994,88.39000000000001,32,10,mps,64,2,1,,high
fe33f3f9-eed4-4974-a07a-9c3414643891,2024-09-06 17:48:45,2,0.06525850296020508,4903.575556968222,69.19999999999999,88.14000000000001,32,10,mps,64,2,1,,high
fe33f3f9-eed4-4974-a07a-9c3414643891,2024-09-06 17:48:45,3,0.03858304023742676,8293.799504415154,64.02333333333334,88.05,32,10,mps,64,2,1,,high
fe33f3f9-eed4-4974-a07a-9c3414643891,2024-09-06 17:48:45,4,0.024310588836669922,13162.988447129435,61.5775,88.14,32,10,mps,64,2,1,,high
fe33f3f9-eed4-4974-a07a-9c3414643891,2024-09-06 17:48:45,5,0.02275395393371582,14063.489841466098,51.0,88.24599999999998,32,10,mps,64,2,1,,high
fe33f3f9-eed4-4974-a07a-9c3414643891,2024-09-06 17:48:45,6,0.0326385498046875,9804.357176250584,46.505,88.32,32,10,mps,64,2,1,,high
fe33f3f9-eed4-4974-a07a-9c3414643891,2024-09-06 17:48:45,7,0.028359174728393555,11283.826241939687,44.977142857142866,88.37571428571428,32,10,mps,64,2,1,,high
fe33f3f9-eed4-4974-a07a-9c3414643891,2024-09-06 17:48:45,8,0.028991222381591797,11037.82364841527,42.91125,88.39625000000001,32,10,mps,64,2,1,,high
fe33f3f9-eed4-4974-a07a-9c3414643891,2024-09-06 17:48:45,9,0.053048133850097656,6032.257438202248,47.878888888888895,88.39555555555556,32,10,mps,64,2,1,,high
fe33f3f9-eed4-4974-a07a-9c3414643891,2024-09-06 17:48:45,10,0.05775737762451172,5540.4177468091075,50.135,88.32700000000003,32,10,mps,64,2,1,,high
fe33f3f9-eed4-4974-a07a-9c3414643891,2024-09-06 17:48:45,11,0.03772568702697754,8482.284226425587,46.64818181818182,88.26909090909093,32,10,mps,64,2,1,,high
fe33f3f9-eed4-4974-a07a-9c3414643891,2024-09-06 17:48:45,12,0.04444384574890137,7200.096989984497,45.58583333333333,88.2675,32,10,mps,64,2,1,,high
fe33f3f9-eed4-4974-a07a-9c3414643891,2024-09-06 17:48:45,13,0.02365279197692871,13529.058231777999,43.79615384615385,88.3,32,10,mps,64,2,1,,high
fe33f3f9-eed4-4974-a07a-9c3414643891,2024-09-06 17:48:45,14,0.030764102935791016,10401.733496597795,43.42071428571428,88.30142857142856,32,10,mps,64,2,1,,high
fe33f3f9-eed4-4974-a07a-9c3414643891,2024-09-06 17:48:45,15,0.02236485481262207,14308.16353072864,43.373333333333335,88.29866666666668,32,10,mps,64,2,1,,high
fe33f3f9-eed4-4974-a07a-9c3414643891,2024-09-06 17:48:45,16,0.024004697799682617,13330.723955384723,42.879374999999996,88.3075,32,10,mps,64,2,1,,high
fe33f3f9-eed4-4974-a07a-9c3414643891,2024-09-06 17:48:45,17,0.022778987884521484,14048.034162985912,42.709411764705884,88.31823529411766,32,10,mps,64,2,1,,high
fe33f3f9-eed4-4974-a07a-9c3414643891,2024-09-06 17:48:45,18,0.021898508071899414,14612.867641454997,40.336666666666666,88.33777777777779,32,10,mps,64,2,1,,high
fe33f3f9-eed4-4974-a07a-9c3414643891,2024-09-06 17:48:45,19,0.05345416069030762,5986.437648024335,40.23052631578948,88.36105263157894,32,10,mps,64,2,1,,high
fe33f3f9-eed4-4974-a07a-9c3414643891,2024-09-06 17:48:45,20,0.03644061088562012,8781.411513775574,42.373000000000005,88.38650000000001,32,10,mps,64,2,1,,high
2534c833-a7c8-4924-b4f1-be982d7964b0,2024-09-06 17:49:07,1,0.02954411506652832,10831.260279057757,65.81000000000002,88.53,32,10,mps,64,2,1,,high
2534c833-a7c8-4924-b4f1-be982d7964b0,2024-09-06 17:49:07,2,0.02219557762145996,14417.286427842526,40.545,88.63499999999999,32,10,mps,64,2,1,,high
2534c833-a7c8-4924-b4f1-be982d7964b0,2024-09-06 17:49:07,3,0.04766035079956055,6714.176346409741,48.99666666666667,88.64666666666669,32,10,mps,64,2,1,,high
2534c833-a7c8-4924-b4f1-be982d7964b0,2024-09-06 17:49:07,4,0.03139162063598633,10193.803107863838,47.0125,88.69500000000001,32,10,mps,64,2,1,,high
2534c833-a7c8-4924-b4f1-be982d7964b0,2024-09-06 17:49:07,5,0.029367685317993164,10896.330321407406,40.016,88.67400000000002,32,10,mps,64,2,1,,high
2534c833-a7c8-4924-b4f1-be982d7964b0,2024-09-06 17:49:07,6,0.027826547622680664,11499.80961846581,39.84166666666667,88.66000000000004,32,10,mps,64,2,1,,high
2534c833-a7c8-4924-b4f1-be982d7964b0,2024-09-06 17:49:07,7,0.033739566802978516,9484.413414927145,38.34428571428571,88.6814285714286,32,10,mps,64,2,1,,high
2534c833-a7c8-4924-b4f1-be982d7964b0,2024-09-06 17:49:07,8,0.06626248359680176,4829.278690294144,39.94500000000001,88.57875000000001,32,10,mps,64,2,1,,high
2534c833-a7c8-4924-b4f1-be982d7964b0,2024-09-06 17:49:07,9,0.04937458038330078,6481.06773801016,44.303333333333335,88.47444444444446,32,10,mps,64,2,1,,high
2534c833-a7c8-4924-b4f1-be982d7964b0,2024-09-06 17:49:07,10,0.06417393684387207,4986.448015157988,45.993,88.40100000000002,32,10,mps,64,2,1,,high
2534c833-a7c8-4924-b4f1-be982d7964b0,2024-09-06 17:49:07,11,0.0412745475769043,7752.962025901408,48.153636363636366,88.38454545454546,32,10,mps,64,2,1,,high
2534c833-a7c8-4924-b4f1-be982d7964b0,2024-09-06 17:49:07,12,0.025280237197875977,12658.109079248912,46.60333333333334,88.40083333333335,32,10,mps,64,2,1,,high
2534c833-a7c8-4924-b4f1-be982d7964b0,2024-09-06 17:49:07,13,0.02590632438659668,12352.19613653724,45.73692307692307,88.42153846153847,32,10,mps,64,2,1,,high
2534c833-a7c8-4924-b4f1-be982d7964b0,2024-09-06 17:49:07,14,0.031887054443359375,10035.420504845077,45.14428571428571,88.44928571428571,32,10,mps,64,2,1,,high
2534c833-a7c8-4924-b4f1-be982d7964b0,2024-09-06 17:49:07,15,0.09851717948913574,3248.1644486715018,45.67066666666667,88.47333333333333,32,10,mps,64,2,1,,high
2534c833-a7c8-4924-b4f1-be982d7964b0,2024-09-06 17:49:07,16,0.056119680404663086,5702.099471924481,46.532500000000006,88.498125,32,10,mps,64,2,1,,high
2534c833-a7c8-4924-b4f1-be982d7964b0,2024-09-06 17:49:07,17,0.11025643348693848,2902.3249698885716,47.83058823529412,88.49176470588236,32,10,mps,64,2,1,,high
2534c833-a7c8-4924-b4f1-be982d7964b0,2024-09-06 17:49:07,18,0.11254215240478516,2843.3790643086545,50.34611111111111,88.4961111111111,32,10,mps,64,2,1,,high
2534c833-a7c8-4924-b4f1-be982d7964b0,2024-09-06 17:49:07,19,0.035326242446899414,9058.42166715035,50.178421052631585,88.4942105263158,32,10,mps,64,2,1,,high
2534c833-a7c8-4924-b4f1-be982d7964b0,2024-09-06 17:49:07,20,0.0351259708404541,9110.068486177195,50.19950000000001,88.51100000000002,32,10,mps,64,2,1,,high
fd94a4de-5d67-4acf-aaf1-219d9f59bd59,2024-09-06 17:49:32,1,0.04833579063415527,6620.353071743903,82.38,88.69,32,10,mps,64,2,1,,high
fd94a4de-5d67-4acf-aaf1-219d9f59bd59,2024-09-06 17:49:32,2,0.058939218521118164,5429.322071607426,67.00999999999999,88.78,32,10,mps,64,2,1,,high
fd94a4de-5d67-4acf-aaf1-219d9f59bd59,2024-09-06 17:49:32,3,0.029218196868896484,10952.078988168094,59.580000000000005,88.72666666666666,32,10,mps,64,2,1,,high
fd94a4de-5d67-4acf-aaf1-219d9f59bd59,2024-09-06 17:49:32,4,0.02473139762878418,12939.018037038108,47.11999999999999,88.58250000000001,32,10,mps,64,2,1,,high
fd94a4de-5d67-4acf-aaf1-219d9f59bd59,2024-09-06 17:49:32,5,0.024880647659301758,12861.401535115037,42.96,88.47800000000001,32,10,mps,64,2,1,,high
fd94a4de-5d67-4acf-aaf1-219d9f59bd59,2024-09-06 17:49:32,6,0.02250361442565918,14219.937915178996,38.68666666666666,88.41333333333334,32,10,mps,64,2,1,,high
fd94a4de-5d67-4acf-aaf1-219d9f59bd59,2024-09-06 17:49:32,7,0.05034971237182617,6355.547726605487,42.93999999999999,88.42,32,10,mps,64,2,1,,high
fd94a4de-5d67-4acf-aaf1-219d9f59bd59,2024-09-06 17:49:32,8,0.03441047668457031,9299.49337619866,40.69,88.44625,32,10,mps,64,2,1,,high
fd94a4de-5d67-4acf-aaf1-219d9f59bd59,2024-09-06 17:49:32,9,0.035369873046875,9047.247627264884,38.57,88.44777777777779,32,10,mps,64,2,1,,high
fd94a4de-5d67-4acf-aaf1-219d9f59bd59,2024-09-06 17:49:32,10,0.03719329833984375,8603.700512820513,36.597,88.44200000000002,32,10,mps,64,2,1,,high
fd94a4de-5d67-4acf-aaf1-219d9f59bd59,2024-09-06 17:49:32,11,0.03857922554016113,8294.619591750972,35.3590909090909,88.46727272727276,32,10,mps,64,2,1,,high
fd94a4de-5d67-4acf-aaf1-219d9f59bd59,2024-09-06 17:49:32,12,0.03401494026184082,9407.630809776476,35.525,88.49333333333334,32,10,mps,64,2,1,,high
fd94a4de-5d67-4acf-aaf1-219d9f59bd59,2024-09-06 17:49:32,13,0.02471017837524414,12950.129098242025,36.8476923076923,88.47692307692309,32,10,mps,64,2,1,,high
fd94a4de-5d67-4acf-aaf1-219d9f59bd59,2024-09-06 17:49:32,14,0.022220373153686523,14401.198296119057,36.14285714285714,88.45928571428573,32,10,mps,64,2,1,,high
fd94a4de-5d67-4acf-aaf1-219d9f59bd59,2024-09-06 17:49:32,15,0.02689361572265625,11898.73475177305,36.187999999999995,88.44533333333332,32,10,mps,64,2,1,,high
fd94a4de-5d67-4acf-aaf1-219d9f59bd59,2024-09-06 17:49:32,16,0.022462129592895508,14246.20041820131,36.926249999999996,88.44874999999999,32,10,mps,64,2,1,,high
fd94a4de-5d67-4acf-aaf1-219d9f59bd59,2024-09-06 17:49:32,17,0.023009777069091797,13907.131696197286,36.95470588235294,88.45294117647059,32,10,mps,64,2,1,,high
fd94a4de-5d67-4acf-aaf1-219d9f59bd59,2024-09-06 17:49:32,18,0.022323131561279297,14334.906333440136,35.72277777777778,88.46666666666667,32,10,mps,64,2,1,,high
fd94a4de-5d67-4acf-aaf1-219d9f59bd59,2024-09-06 17:49:32,19,0.022011995315551758,14537.528080151638,35.82315789473684,88.47578947368422,32,10,mps,64,2,1,,high
fd94a4de-5d67-4acf-aaf1-219d9f59bd59,2024-09-06 17:49:32,20,0.023239612579345703,13769.592711902662,35.6225,88.48800000000001,32,10,mps,64,2,1,,high
816fbf15-cf5a-4d27-9b13-9831485e5892,2024-09-06 17:49:53,1,0.035269975662231445,9072.872719406758,54.39000000000001,88.78,32,10,mps,64,2,1,,high
816fbf15-cf5a-4d27-9b13-9831485e5892,2024-09-06 17:49:53,2,0.02296161651611328,13936.301034181999,58.915,88.82000000000001,32,10,mps,64,2,1,,high
816fbf15-cf5a-4d27-9b13-9831485e5892,2024-09-06 17:49:53,3,0.023912668228149414,13382.02817631634,51.43333333333333,88.64333333333336,32,10,mps,64,2,1,,high
816fbf15-cf5a-4d27-9b13-9831485e5892,2024-09-06 17:49:53,4,0.022513389587402344,14213.763714152581,42.8,88.5075,32,10,mps,64,2,1,,high
816fbf15-cf5a-4d27-9b13-9831485e5892,2024-09-06 17:49:53,5,0.03381657600402832,9462.814921353385,42.718,88.39599999999999,32,10,mps,64,2,1,,high
816fbf15-cf5a-4d27-9b13-9831485e5892,2024-09-06 17:49:53,6,0.03325390815734863,9622.929085082129,40.455000000000005,88.29833333333333,32,10,mps,64,2,1,,high
816fbf15-cf5a-4d27-9b13-9831485e5892,2024-09-06 17:49:53,7,0.029875516891479492,10711.111749543123,37.24714285714286,88.3414285714286,32,10,mps,64,2,1,,high
816fbf15-cf5a-4d27-9b13-9831485e5892,2024-09-06 17:49:53,8,0.03433084487915039,9321.06393321944,36.051249999999996,88.33999999999999,32,10,mps,64,2,1,,high
816fbf15-cf5a-4d27-9b13-9831485e5892,2024-09-06 17:49:53,9,0.02328944206237793,13740.131650338339,36.88444444444445,88.35888888888888,32,10,mps,64,2,1,,high
816fbf15-cf5a-4d27-9b13-9831485e5892,2024-09-06 17:49:53,10,0.02368307113647461,13511.76112911994,37.202000000000005,88.35999999999996,32,10,mps,64,2,1,,high
816fbf15-cf5a-4d27-9b13-9831485e5892,2024-09-06 17:49:53,11,0.03270363807678223,9784.844097427262,38.06090909090909,88.3818181818182,32,10,mps,64,2,1,,high
816fbf15-cf5a-4d27-9b13-9831485e5892,2024-09-06 17:49:53,12,0.04062151908874512,7877.598060793877,37.31833333333334,88.37333333333332,32,10,mps,64,2,1,,high
816fbf15-cf5a-4d27-9b13-9831485e5892,2024-09-06 17:49:53,13,0.02898859977722168,11038.82224250948,38.5223076923077,88.34384615384614,32,10,mps,64,2,1,,high
816fbf15-cf5a-4d27-9b13-9831485e5892,2024-09-06 17:49:53,14,0.025531530380249023,12533.522089516002,36.916428571428575,88.31071428571428,32,10,mps,64,2,1,,high
816fbf15-cf5a-4d27-9b13-9831485e5892,2024-09-06 17:49:53,15,0.022111892700195312,14471.850254463901,37.27066666666667,88.27066666666666,32,10,mps,64,2,1,,high
816fbf15-cf5a-4d27-9b13-9831485e5892,2024-09-06 17:49:53,16,0.02256155014038086,14183.422593257952,36.89,88.24999999999999,32,10,mps,64,2,1,,high
816fbf15-cf5a-4d27-9b13-9831485e5892,2024-09-06 17:49:53,17,0.025142908096313477,12727.246934769622,36.16647058823529,88.2470588235294,32,10,mps,64,2,1,,high
816fbf15-cf5a-4d27-9b13-9831485e5892,2024-09-06 17:49:53,18,0.031434059143066406,10180.040654106368,35.88944444444444,88.26222222222222,32,10,mps,64,2,1,,high
816fbf15-cf5a-4d27-9b13-9831485e5892,2024-09-06 17:49:53,19,0.025881528854370117,12364.030030859933,35.52105263157895,88.27631578947368,32,10,mps,64,2,1,,high
816fbf15-cf5a-4d27-9b13-9831485e5892,2024-09-06 17:49:53,20,0.026770830154418945,11953.308812397025,34.4075,88.29199999999999,32,10,mps,64,2,1,,high
9e90689e-18df-4ed0-99cd-676b725684a3,2024-09-06 17:50:13,1,0.04785323143005371,6687.1137107582545,77.8,88.66000000000001,32,10,mps,64,2,1,,high
9e90689e-18df-4ed0-99cd-676b725684a3,2024-09-06 17:50:13,2,0.02796792984008789,11441.676299592518,73.55,88.70000000000002,32,10,mps,64,2,1,,high
9e90689e-18df-4ed0-99cd-676b725684a3,2024-09-06 17:50:13,3,0.028991222381591797,11037.82364841527,60.826666666666675,88.46333333333332,32,10,mps,64,2,1,,high
9e90689e-18df-4ed0-99cd-676b725684a3,2024-09-06 17:50:13,4,0.02538895606994629,12603.905379898393,51.767500000000005,88.06750000000001,32,10,mps,64,2,1,,high
9e90689e-18df-4ed0-99cd-676b725684a3,2024-09-06 17:50:13,5,0.026204824447631836,12211.49184340057,43.816,87.77800000000003,32,10,mps,64,2,1,,high
9e90689e-18df-4ed0-99cd-676b725684a3,2024-09-06 17:50:13,6,0.023616790771484375,13549.68179615571,40.245000000000005,87.58500000000001,32,10,mps,64,2,1,,high
9e90689e-18df-4ed0-99cd-676b725684a3,2024-09-06 17:50:13,7,0.027034521102905273,11836.717905301126,41.77714285714285,87.45571428571428,32,10,mps,64,2,1,,high
9e90689e-18df-4ed0-99cd-676b725684a3,2024-09-06 17:50:13,8,0.02261638641357422,14149.033101412608,43.14,87.41000000000001,32,10,mps,64,2,1,,high
9e90689e-18df-4ed0-99cd-676b725684a3,2024-09-06 17:50:13,9,0.025524139404296875,12537.151397399492,42.333333333333336,87.41111111111113,32,10,mps,64,2,1,,high
9e90689e-18df-4ed0-99cd-676b725684a3,2024-09-06 17:50:13,10,0.023467540740966797,13635.85573504013,43.523,87.43200000000004,32,10,mps,64,2,1,,high
9e90689e-18df-4ed0-99cd-676b725684a3,2024-09-06 17:50:13,11,0.04043889045715332,7913.1745797786725,40.70181818181818,87.44818181818182,32,10,mps,64,2,1,,high
9e90689e-18df-4ed0-99cd-676b725684a3,2024-09-06 17:50:13,12,0.024573564529418945,13022.123819965265,42.12333333333333,87.49583333333334,32,10,mps,64,2,1,,high
9e90689e-18df-4ed0-99cd-676b725684a3,2024-09-06 17:50:13,13,0.029186487197875977,10963.97787888937,43.91461538461538,87.54923076923077,32,10,mps,64,2,1,,high
9e90689e-18df-4ed0-99cd-676b725684a3,2024-09-06 17:50:13,14,0.021714210510253906,14736.893144187272,43.18642857142857,87.555,32,10,mps,64,2,1,,high
9e90689e-18df-4ed0-99cd-676b725684a3,2024-09-06 17:50:13,15,0.025986194610595703,12314.230875094041,43.128666666666675,87.55733333333335,32,10,mps,64,2,1,,high
9e90689e-18df-4ed0-99cd-676b725684a3,2024-09-06 17:50:13,16,0.025815963745117188,12395.431104543775,41.664375,87.54125000000002,32,10,mps,64,2,1,,high
9e90689e-18df-4ed0-99cd-676b725684a3,2024-09-06 17:50:13,17,0.026503324508666992,12073.956982089365,40.01705882352941,87.58352941176472,32,10,mps,64,2,1,,high
9e90689e-18df-4ed0-99cd-676b725684a3,2024-09-06 17:50:13,18,0.052263736724853516,6122.792208384654,38.79222222222222,87.64277777777778,32,10,mps,64,2,1,,high
9e90689e-18df-4ed0-99cd-676b725684a3,2024-09-06 17:50:13,19,0.06498146057128906,4924.481493439784,37.72105263157895,87.70263157894735,32,10,mps,64,2,1,,high
9e90689e-18df-4ed0-99cd-676b725684a3,2024-09-06 17:50:13,20,0.05916738510131836,5408.385032599147,38.6325,87.73450000000001,32,10,mps,64,2,1,,high
7e33892c-9097-4dc0-939b-6a389b2cad94,2024-09-06 17:51:05,1,0.4627501964569092,691.5178047467302,15.77,88.12,32,10,mps,64,2,1,,highest
7e33892c-9097-4dc0-939b-6a389b2cad94,2024-09-06 17:51:05,2,0.025259971618652344,12668.264431607959,32.07,87.79,32,10,mps,64,2,1,,highest
7e33892c-9097-4dc0-939b-6a389b2cad94,2024-09-06 17:51:05,3,0.024974346160888672,12813.148257756564,34.14333333333333,87.79999999999998,32,10,mps,64,2,1,,highest
7e33892c-9097-4dc0-939b-6a389b2cad94,2024-09-06 17:51:05,4,0.02762460708618164,11583.875166140197,39.3075,87.88,32,10,mps,64,2,1,,highest
7e33892c-9097-4dc0-939b-6a389b2cad94,2024-09-06 17:51:05,5,0.028008699417114258,11425.02174893809,40.134,87.95999999999998,32,10,mps,64,2,1,,highest
7e33892c-9097-4dc0-939b-6a389b2cad94,2024-09-06 17:51:05,6,0.025179386138916016,12708.808635545876,36.44166666666667,88.03499999999998,32,10,mps,64,2,1,,highest
7e33892c-9097-4dc0-939b-6a389b2cad94,2024-09-06 17:51:05,7,0.02208542823791504,14489.19154081159,34.08571428571429,88.12142857142855,32,10,mps,64,2,1,,highest
7e33892c-9097-4dc0-939b-6a389b2cad94,2024-09-06 17:51:05,8,0.022609233856201172,14153.509227037857,31.68625,88.1475,32,10,mps,64,2,1,,highest
7e33892c-9097-4dc0-939b-6a389b2cad94,2024-09-06 17:51:05,9,0.02327275276184082,13749.984940530461,29.675555555555558,88.17999999999999,32,10,mps,64,2,1,,highest
7e33892c-9097-4dc0-939b-6a389b2cad94,2024-09-06 17:51:05,10,0.035678863525390625,8968.895541537475,29.519999999999996,88.24599999999997,32,10,mps,64,2,1,,highest
7e33892c-9097-4dc0-939b-6a389b2cad94,2024-09-06 17:51:05,11,0.02145075798034668,14917.887763835013,29.229090909090907,88.19181818181819,32,10,mps,64,2,1,,highest
7e33892c-9097-4dc0-939b-6a389b2cad94,2024-09-06 17:51:05,12,0.026516199111938477,12068.094625821592,30.083333333333332,88.07166666666666,32,10,mps,64,2,1,,highest
7e33892c-9097-4dc0-939b-6a389b2cad94,2024-09-06 17:51:05,13,0.034934043884277344,9160.119024869646,30.748461538461534,87.97846153846154,32,10,mps,64,2,1,,highest
7e33892c-9097-4dc0-939b-6a389b2cad94,2024-09-06 17:51:05,14,0.029613733291625977,10805.797325475609,33.75214285714285,87.98499999999999,32,10,mps,64,2,1,,highest
7e33892c-9097-4dc0-939b-6a389b2cad94,2024-09-06 17:51:05,15,0.027286052703857422,11727.603236460864,33.871333333333325,87.98733333333332,32,10,mps,64,2,1,,highest
7e33892c-9097-4dc0-939b-6a389b2cad94,2024-09-06 17:51:05,16,0.028012514114379883,11423.46590860732,33.713125000000005,88.019375,32,10,mps,64,2,1,,highest
7e33892c-9097-4dc0-939b-6a389b2cad94,2024-09-06 17:51:05,17,0.03179025650024414,10065.977290794823,33.40941176470588,88.05470588235293,32,10,mps,64,2,1,,highest
7e33892c-9097-4dc0-939b-6a389b2cad94,2024-09-06 17:51:05,18,0.03371429443359375,9491.522968997511,33.28888888888889,88.08555555555556,32,10,mps,64,2,1,,highest
7e33892c-9097-4dc0-939b-6a389b2cad94,2024-09-06 17:51:05,19,0.023201465606689453,13792.23215570216,32.502105263157894,88.10052631578947,32,10,mps,64,2,1,,highest
7e33892c-9097-4dc0-939b-6a389b2cad94,2024-09-06 17:51:05,20,0.023920059204101562,13377.893309943385,31.511999999999997,88.12150000000001,32,10,mps,64,2,1,,highest
e818f270-368f-47d8-ab58-504f4a9ecc36,2024-09-06 17:51:26,1,0.052576303482055664,6086.392134989412,37.83,88.38,32,10,mps,64,2,1,,highest
e818f270-368f-47d8-ab58-504f4a9ecc36,2024-09-06 17:51:26,2,0.05837392807006836,5481.899378364469,42.57000000000001,88.32499999999999,32,10,mps,64,2,1,,highest
e818f270-368f-47d8-ab58-504f4a9ecc36,2024-09-06 17:51:26,3,0.11707258224487305,2733.347072935292,34.44666666666667,88.26666666666664,32,10,mps,64,2,1,,highest
e818f270-368f-47d8-ab58-504f4a9ecc36,2024-09-06 17:51:26,4,0.0593564510345459,5391.157901501853,47.295,88.305,32,10,mps,64,2,1,,highest
e818f270-368f-47d8-ab58-504f4a9ecc36,2024-09-06 17:51:26,5,0.07148480415344238,4476.4758579056725,54.076,88.23400000000001,32,10,mps,64,2,1,,highest
e818f270-368f-47d8-ab58-504f4a9ecc36,2024-09-06 17:51:26,6,0.11789274215698242,2714.331638616885,56.08166666666667,88.27166666666668,32,10,mps,64,2,1,,highest
e818f270-368f-47d8-ab58-504f4a9ecc36,2024-09-06 17:51:26,7,0.05351662635803223,5979.4501592675915,58.542857142857144,88.29142857142858,32,10,mps,64,2,1,,highest
e818f270-368f-47d8-ab58-504f4a9ecc36,2024-09-06 17:51:26,8,0.023587942123413086,13566.253398696113,52.86375,88.30999999999999,32,10,mps,64,2,1,,highest
e818f270-368f-47d8-ab58-504f4a9ecc36,2024-09-06 17:51:26,9,0.02298426628112793,13922.567554951609,48.09444444444444,88.30888888888889,32,10,mps,64,2,1,,highest
e818f270-368f-47d8-ab58-504f4a9ecc36,2024-09-06 17:51:26,10,0.02236652374267578,14307.09589391549,45.153999999999996,88.25,32,10,mps,64,2,1,,highest
e818f270-368f-47d8-ab58-504f4a9ecc36,2024-09-06 17:51:26,11,0.028484582901000977,11234.147296878793,43.60727272727273,88.20272727272723,32,10,mps,64,2,1,,highest
e818f270-368f-47d8-ab58-504f4a9ecc36,2024-09-06 17:51:26,12,0.04732370376586914,6761.939039750114,41.47749999999999,88.14249999999998,32,10,mps,64,2,1,,highest
e818f270-368f-47d8-ab58-504f4a9ecc36,2024-09-06 17:51:26,13,0.06557559967041016,4879.863876325243,39.79307692307692,88.1223076923077,32,10,mps,64,2,1,,highest
e818f270-368f-47d8-ab58-504f4a9ecc36,2024-09-06 17:51:26,14,0.05501556396484375,5816.535848009985,41.01571428571428,88.13928571428572,32,10,mps,64,2,1,,highest
e818f270-368f-47d8-ab58-504f4a9ecc36,2024-09-06 17:51:26,15,0.07248902320861816,4414.461470656918,43.86266666666667,88.142,32,10,mps,64,2,1,,highest
e818f270-368f-47d8-ab58-504f4a9ecc36,2024-09-06 17:51:26,16,0.03043818473815918,10513.110514071765,43.369375000000005,88.18312499999999,32,10,mps,64,2,1,,highest
e818f270-368f-47d8-ab58-504f4a9ecc36,2024-09-06 17:51:26,17,0.02301955223083496,13901.226087767087,43.17588235294118,88.19647058823529,32,10,mps,64,2,1,,highest
e818f270-368f-47d8-ab58-504f4a9ecc36,2024-09-06 17:51:26,18,0.024738550186157227,12935.277030869016,42.437222222222225,88.17666666666666,32,10,mps,64,2,1,,highest
e818f270-368f-47d8-ab58-504f4a9ecc36,2024-09-06 17:51:26,19,0.02263021469116211,14140.387281653639,42.35052631578947,88.11999999999999,32,10,mps,64,2,1,,highest
e818f270-368f-47d8-ab58-504f4a9ecc36,2024-09-06 17:51:26,20,0.024761676788330078,12923.195902097093,41.022,88.05899999999998,32,10,mps,64,2,1,,highest
b2f5cb83-7b1e-4607-8e5a-4660bc64033a,2024-09-06 17:51:50,1,0.05704545974731445,5609.561241463476,48.36,87.23,32,10,mps,64,2,1,,highest
b2f5cb83-7b1e-4607-8e5a-4660bc64033a,2024-09-06 17:51:50,2,0.04065847396850586,7870.438035816905,53.489999999999995,87.91499999999999,32,10,mps,64,2,1,,highest
b2f5cb83-7b1e-4607-8e5a-4660bc64033a,2024-09-06 17:51:50,3,0.031019210815429688,10316.187665252413,52.096666666666664,88.12666666666668,32,10,mps,64,2,1,,highest
b2f5cb83-7b1e-4607-8e5a-4660bc64033a,2024-09-06 17:51:50,4,0.02695631980895996,11871.056667521647,43.0775,88.19500000000001,32,10,mps,64,2,1,,highest
b2f5cb83-7b1e-4607-8e5a-4660bc64033a,2024-09-06 17:51:50,5,0.02540898323059082,12593.971080855375,39.272000000000006,88.23599999999999,32,10,mps,64,2,1,,highest
b2f5cb83-7b1e-4607-8e5a-4660bc64033a,2024-09-06 17:51:50,6,0.022226333618164062,14397.336308246804,35.17833333333333,88.29833333333335,32,10,mps,64,2,1,,highest
b2f5cb83-7b1e-4607-8e5a-4660bc64033a,2024-09-06 17:51:50,7,0.0242922306060791,13172.93603823769,36.50142857142857,88.36714285714287,32,10,mps,64,2,1,,highest
b2f5cb83-7b1e-4607-8e5a-4660bc64033a,2024-09-06 17:51:50,8,0.029062747955322266,11010.658747477399,32.71875,88.35874999999999,32,10,mps,64,2,1,,highest
b2f5cb83-7b1e-4607-8e5a-4660bc64033a,2024-09-06 17:51:50,9,0.02576470375061035,12420.092351825291,29.61111111111111,88.26444444444442,32,10,mps,64,2,1,,highest
b2f5cb83-7b1e-4607-8e5a-4660bc64033a,2024-09-06 17:51:50,10,0.0204923152923584,15615.609824202162,30.665,88.21199999999997,32,10,mps,64,2,1,,highest
b2f5cb83-7b1e-4607-8e5a-4660bc64033a,2024-09-06 17:51:50,11,0.0283510684967041,11287.052551024699,32.197272727272725,88.24909090909091,32,10,mps,64,2,1,,highest
b2f5cb83-7b1e-4607-8e5a-4660bc64033a,2024-09-06 17:51:50,12,0.029577016830444336,10819.211478779574,29.98166666666667,88.25999999999998,32,10,mps,64,2,1,,highest
b2f5cb83-7b1e-4607-8e5a-4660bc64033a,2024-09-06 17:51:50,13,0.02685832977294922,11914.367077371018,29.423076923076923,88.28461538461538,32,10,mps,64,2,1,,highest
b2f5cb83-7b1e-4607-8e5a-4660bc64033a,2024-09-06 17:51:50,14,0.02768111228942871,11560.229106913688,29.089285714285715,88.30785714285715,32,10,mps,64,2,1,,highest
b2f5cb83-7b1e-4607-8e5a-4660bc64033a,2024-09-06 17:51:50,15,0.025473594665527344,12562.027629066677,29.666666666666668,88.33266666666667,32,10,mps,64,2,1,,highest
b2f5cb83-7b1e-4607-8e5a-4660bc64033a,2024-09-06 17:51:50,16,0.02363300323486328,13540.38658649772,29.43,88.3325,32,10,mps,64,2,1,,highest
b2f5cb83-7b1e-4607-8e5a-4660bc64033a,2024-09-06 17:51:50,17,0.03434109687805176,9318.281274950186,30.07176470588236,88.33882352941175,32,10,mps,64,2,1,,highest
b2f5cb83-7b1e-4607-8e5a-4660bc64033a,2024-09-06 17:51:50,18,0.02419567108154297,13225.506286705293,29.014444444444447,88.35055555555554,32,10,mps,64,2,1,,highest
b2f5cb83-7b1e-4607-8e5a-4660bc64033a,2024-09-06 17:51:50,19,0.023118019104003906,13842.016418464586,28.504210526315784,88.32999999999998,32,10,mps,64,2,1,,highest
b2f5cb83-7b1e-4607-8e5a-4660bc64033a,2024-09-06 17:51:50,20,0.021407604217529297,14947.959460964472,28.729,88.295,32,10,mps,64,2,1,,highest
c932dbe6-8a05-4a1f-983a-55ea844bf943,2024-09-06 17:52:10,1,0.053900957107543945,5936.814802036474,36.95,88.06,32,10,mps,64,2,1,,highest
c932dbe6-8a05-4a1f-983a-55ea844bf943,2024-09-06 17:52:10,2,0.03017425537109375,10605.067003792668,41.879999999999995,88.33999999999999,32,10,mps,64,2,1,,highest
c932dbe6-8a05-4a1f-983a-55ea844bf943,2024-09-06 17:52:10,3,0.020954132080078125,15271.45093755689,36.81666666666667,88.34333333333332,32,10,mps,64,2,1,,highest
c932dbe6-8a05-4a1f-983a-55ea844bf943,2024-09-06 17:52:10,4,0.025187015533447266,12704.959012513962,32.107499999999995,88.2775,32,10,mps,64,2,1,,highest
c932dbe6-8a05-4a1f-983a-55ea844bf943,2024-09-06 17:52:10,5,0.029448986053466797,10866.248482002624,32.775999999999996,88.22599999999998,32,10,mps,64,2,1,,highest
c932dbe6-8a05-4a1f-983a-55ea844bf943,2024-09-06 17:52:10,6,0.061449289321899414,5207.545986800498,31.185,88.32499999999997,32,10,mps,64,2,1,,highest
c932dbe6-8a05-4a1f-983a-55ea844bf943,2024-09-06 17:52:10,7,0.022893667221069336,13977.664517875926,30.895714285714284,88.30428571428573,32,10,mps,64,2,1,,highest
c932dbe6-8a05-4a1f-983a-55ea844bf943,2024-09-06 17:52:10,8,0.02545619010925293,12570.616365867136,30.028750000000002,88.2875,32,10,mps,64,2,1,,highest
c932dbe6-8a05-4a1f-983a-55ea844bf943,2024-09-06 17:52:10,9,0.03171277046203613,10090.572199709803,30.020000000000003,88.1877777777778,32,10,mps,64,2,1,,highest
c932dbe6-8a05-4a1f-983a-55ea844bf943,2024-09-06 17:52:10,10,0.024640798568725586,12986.59209877021,28.686999999999998,88.05799999999999,32,10,mps,64,2,1,,highest
c932dbe6-8a05-4a1f-983a-55ea844bf943,2024-09-06 17:52:10,11,0.023520708084106445,13605.032588973472,27.19181818181818,87.97454545454544,32,10,mps,64,2,1,,highest
c932dbe6-8a05-4a1f-983a-55ea844bf943,2024-09-06 17:52:10,12,0.02160811424255371,14809.251580585009,28.842499999999998,87.92500000000001,32,10,mps,64,2,1,,highest
c932dbe6-8a05-4a1f-983a-55ea844bf943,2024-09-06 17:52:10,13,0.08805513381958008,3634.0868058375977,31.04230769230769,87.9676923076923,32,10,mps,64,2,1,,highest
c932dbe6-8a05-4a1f-983a-55ea844bf943,2024-09-06 17:52:10,14,0.0273282527923584,11709.493557139493,33.917857142857144,88.00857142857141,32,10,mps,64,2,1,,highest
c932dbe6-8a05-4a1f-983a-55ea844bf943,2024-09-06 17:52:10,15,0.02391195297241211,13382.42846032664,34.586,88.024,32,10,mps,64,2,1,,highest
c932dbe6-8a05-4a1f-983a-55ea844bf943,2024-09-06 17:52:10,16,0.037401437759399414,8555.820823213682,35.845000000000006,88.030625,32,10,mps,64,2,1,,highest
c932dbe6-8a05-4a1f-983a-55ea844bf943,2024-09-06 17:52:10,17,0.025563955307006836,12517.624763343685,36.174705882352946,88.02882352941177,32,10,mps,64,2,1,,highest
c932dbe6-8a05-4a1f-983a-55ea844bf943,2024-09-06 17:52:10,18,0.026274442672729492,12179.13559521973,35.42166666666667,88.03777777777778,32,10,mps,64,2,1,,highest
c932dbe6-8a05-4a1f-983a-55ea844bf943,2024-09-06 17:52:10,19,0.03366565704345703,9505.235545735248,36.39368421052632,88.04736842105264,32,10,mps,64,2,1,,highest
c932dbe6-8a05-4a1f-983a-55ea844bf943,2024-09-06 17:52:10,20,0.05121755599975586,6247.857668209029,38.2705,88.07199999999999,32,10,mps,64,2,1,,highest
14750c85-5544-4f8f-ac09-0af909a1e5c2,2024-09-06 17:52:31,1,0.03420543670654297,9355.237962472467,53.48,87.5,32,10,mps,64,2,1,,highest
14750c85-5544-4f8f-ac09-0af909a1e5c2,2024-09-06 17:52:31,2,0.04110836982727051,7784.302840141282,67.265,88.08499999999998,32,10,mps,64,2,1,,highest
14750c85-5544-4f8f-ac09-0af909a1e5c2,2024-09-06 17:52:31,3,0.16545724868774414,1934.0343353823896,59.35,88.36333333333333,32,10,mps,64,2,1,,highest
14750c85-5544-4f8f-ac09-0af909a1e5c2,2024-09-06 17:52:31,4,0.05921673774719238,5403.877555128778,55.217499999999994,88.485,32,10,mps,64,2,1,,highest
14750c85-5544-4f8f-ac09-0af909a1e5c2,2024-09-06 17:52:31,5,0.02662181854248047,12020.21565466595,48.282,88.37200000000001,32,10,mps,64,2,1,,highest
14750c85-5544-4f8f-ac09-0af909a1e5c2,2024-09-06 17:52:31,6,0.048616886138916016,6582.075188559883,49.73,88.26833333333333,32,10,mps,64,2,1,,highest
14750c85-5544-4f8f-ac09-0af909a1e5c2,2024-09-06 17:52:31,7,0.05495333671569824,5823.122291108981,47.44571428571428,88.22,32,10,mps,64,2,1,,highest
14750c85-5544-4f8f-ac09-0af909a1e5c2,2024-09-06 17:52:31,8,0.05553245544433594,5762.396015799416,52.667500000000004,88.22625000000001,32,10,mps,64,2,1,,highest
14750c85-5544-4f8f-ac09-0af909a1e5c2,2024-09-06 17:52:31,9,0.06027626991271973,5308.888563664627,50.76333333333334,88.26777777777777,32,10,mps,64,2,1,,highest
14750c85-5544-4f8f-ac09-0af909a1e5c2,2024-09-06 17:52:31,10,0.0491633415222168,6508.914774545842,51.952000000000005,88.28099999999999,32,10,mps,64,2,1,,highest
14750c85-5544-4f8f-ac09-0af909a1e5c2,2024-09-06 17:52:31,11,0.04589653015136719,6972.204629514192,54.1,88.33363636363633,32,10,mps,64,2,1,,highest
14750c85-5544-4f8f-ac09-0af909a1e5c2,2024-09-06 17:52:31,12,0.02264547348022461,14130.859320713398,53.291666666666664,88.31833333333334,32,10,mps,64,2,1,,highest
14750c85-5544-4f8f-ac09-0af909a1e5c2,2024-09-06 17:52:31,13,0.028600454330444336,11188.633449762003,51.36153846153846,88.28769230769231,32,10,mps,64,2,1,,highest
14750c85-5544-4f8f-ac09-0af909a1e5c2,2024-09-06 17:52:31,14,0.025061368942260742,12768.65604338106,49.104285714285716,88.23571428571428,32,10,mps,64,2,1,,highest
14750c85-5544-4f8f-ac09-0af909a1e5c2,2024-09-06 17:52:31,15,0.050702810287475586,6311.287247899259,47.57933333333333,88.16666666666667,32,10,mps,64,2,1,,highest
14750c85-5544-4f8f-ac09-0af909a1e5c2,2024-09-06 17:52:31,16,0.13465166091918945,2376.5024346194027,50.020625,88.18062499999999,32,10,mps,64,2,1,,highest
14750c85-5544-4f8f-ac09-0af909a1e5c2,2024-09-06 17:52:31,17,0.3199481964111328,1000.1619124265999,52.805294117647065,88.21117647058823,32,10,mps,64,2,1,,highest
14750c85-5544-4f8f-ac09-0af909a1e5c2,2024-09-06 17:52:31,18,0.10125374794006348,3160.376840464434,55.296666666666674,88.24166666666666,32,10,mps,64,2,1,,highest
14750c85-5544-4f8f-ac09-0af909a1e5c2,2024-09-06 17:52:31,19,0.2719860076904297,1176.531111718876,55.65631578947369,88.2778947368421,32,10,mps,64,2,1,,highest
14750c85-5544-4f8f-ac09-0af909a1e5c2,2024-09-06 17:52:31,20,0.03259778022766113,9816.619345401354,54.503,88.2985,32,10,mps,64,2,1,,highest
21f64b2d-d476-49ad-afd0-dba16c3ca47f,2024-09-06 17:53:01,1,0.03069162368774414,10426.297521945156,60.56,88.07000000000001,32,10,mps,64,2,1,,highest
21f64b2d-d476-49ad-afd0-dba16c3ca47f,2024-09-06 17:53:01,2,0.038484811782836914,8314.968559693218,43.260000000000005,87.97500000000002,32,10,mps,64,2,1,,highest
21f64b2d-d476-49ad-afd0-dba16c3ca47f,2024-09-06 17:53:01,3,0.019568920135498047,16352.46082994225,38.629999999999995,87.91000000000003,32,10,mps,64,2,1,,highest
21f64b2d-d476-49ad-afd0-dba16c3ca47f,2024-09-06 17:53:01,4,0.02590155601501465,12354.470125829583,30.972500000000004,87.8675,32,10,mps,64,2,1,,highest
21f64b2d-d476-49ad-afd0-dba16c3ca47f,2024-09-06 17:53:01,5,0.030843019485473633,10375.119081668148,30.453999999999997,87.88999999999999,32,10,mps,64,2,1,,highest
21f64b2d-d476-49ad-afd0-dba16c3ca47f,2024-09-06 17:53:01,6,0.0242764949798584,13181.474519509346,26.279999999999998,87.85333333333334,32,10,mps,64,2,1,,highest
21f64b2d-d476-49ad-afd0-dba16c3ca47f,2024-09-06 17:53:01,7,0.019861459732055664,16111.605305803972,25.75857142857143,87.78285714285715,32,10,mps,64,2,1,,highest
21f64b2d-d476-49ad-afd0-dba16c3ca47f,2024-09-06 17:53:01,8,0.018398284912109375,17392.92556500104,24.988750000000003,87.72,32,10,mps,64,2,1,,highest
21f64b2d-d476-49ad-afd0-dba16c3ca47f,2024-09-06 17:53:01,9,0.01971912384033203,16227.901533104416,24.372222222222224,87.69222222222223,32,10,mps,64,2,1,,highest
21f64b2d-d476-49ad-afd0-dba16c3ca47f,2024-09-06 17:53:01,10,0.020072460174560547,15942.24112127331,23.393,87.70499999999998,32,10,mps,64,2,1,,highest
21f64b2d-d476-49ad-afd0-dba16c3ca47f,2024-09-06 17:53:01,11,0.02204585075378418,14515.203045410795,24.199090909090906,87.74454545454549,32,10,mps,64,2,1,,highest
21f64b2d-d476-49ad-afd0-dba16c3ca47f,2024-09-06 17:53:01,12,0.01903390884399414,16812.10110980284,22.751666666666665,87.75499999999998,32,10,mps,64,2,1,,highest
21f64b2d-d476-49ad-afd0-dba16c3ca47f,2024-09-06 17:53:01,13,0.01874852180480957,17068.012258860334,21.42076923076923,87.76615384615384,32,10,mps,64,2,1,,highest
21f64b2d-d476-49ad-afd0-dba16c3ca47f,2024-09-06 17:53:01,14,0.021033287048339844,15213.979596463387,20.389285714285716,87.78071428571428,32,10,mps,64,2,1,,highest
21f64b2d-d476-49ad-afd0-dba16c3ca47f,2024-09-06 17:53:01,15,0.02207350730895996,14497.016514910945,21.69333333333333,87.8,32,10,mps,64,2,1,,highest
21f64b2d-d476-49ad-afd0-dba16c3ca47f,2024-09-06 17:53:01,16,0.02331089973449707,13727.483865688891,22.057499999999997,87.821875,32,10,mps,64,2,1,,highest
21f64b2d-d476-49ad-afd0-dba16c3ca47f,2024-09-06 17:53:01,17,0.022559642791748047,14184.621758153495,22.601176470588236,87.8629411764706,32,10,mps,64,2,1,,highest
21f64b2d-d476-49ad-afd0-dba16c3ca47f,2024-09-06 17:53:01,18,0.022736072540283203,14074.550449864726,22.358333333333334,87.85944444444445,32,10,mps,64,2,1,,highest
21f64b2d-d476-49ad-afd0-dba16c3ca47f,2024-09-06 17:53:01,19,0.023344755172729492,13707.575754480928,21.570526315789472,87.82947368421056,32,10,mps,64,2,1,,highest
21f64b2d-d476-49ad-afd0-dba16c3ca47f,2024-09-06 17:53:01,20,0.02234935760498047,14318.084915724345,22.026500000000002,87.80799999999999,32,10,mps,64,2,1,,highest
0c3b3496-d941-495a-afcf-11de0091d765,2024-09-06 17:53:19,1,0.021941184997558594,14584.444734211327,16.619999999999997,87.19,32,10,mps,64,2,1,,highest
0c3b3496-d941-495a-afcf-11de0091d765,2024-09-06 17:53:19,2,0.02226114273071289,14374.823605012316,14.52,87.30499999999998,32,10,mps,64,2,1,,highest
0c3b3496-d941-495a-afcf-11de0091d765,2024-09-06 17:53:19,3,0.019891738891601562,16087.080256975742,15.523333333333335,87.36666666666666,32,10,mps,64,2,1,,highest
0c3b3496-d941-495a-afcf-11de0091d765,2024-09-06 17:53:19,4,0.01894521713256836,16890.806674888627,18.4775,87.4025,32,10,mps,64,2,1,,highest
0c3b3496-d941-495a-afcf-11de0091d765,2024-09-06 17:53:19,5,0.019985437393188477,16011.658574410976,17.938,87.47599999999998,32,10,mps,64,2,1,,highest
0c3b3496-d941-495a-afcf-11de0091d765,2024-09-06 17:53:19,6,0.017472028732299805,18314.988196443923,16.855,87.56166666666668,32,10,mps,64,2,1,,highest
0c3b3496-d941-495a-afcf-11de0091d765,2024-09-06 17:53:19,7,0.02002120018005371,15983.057814825841,14.924285714285714,87.63000000000004,32,10,mps,64,2,1,,highest
0c3b3496-d941-495a-afcf-11de0091d765,2024-09-06 17:53:19,8,0.021337032318115234,14997.39960220797,15.248750000000001,87.61125,32,10,mps,64,2,1,,highest
0c3b3496-d941-495a-afcf-11de0091d765,2024-09-06 17:53:19,9,0.01955723762512207,16362.228967804069,14.74777777777778,87.59666666666666,32,10,mps,64,2,1,,highest
0c3b3496-d941-495a-afcf-11de0091d765,2024-09-06 17:53:19,10,0.018442153930664062,17351.552383907332,15.199999999999998,87.582,32,10,mps,64,2,1,,highest
0c3b3496-d941-495a-afcf-11de0091d765,2024-09-06 17:53:19,11,0.019749879837036133,16202.630225623816,15.062727272727274,87.5681818181818,32,10,mps,64,2,1,,highest
0c3b3496-d941-495a-afcf-11de0091d765,2024-09-06 17:53:19,12,0.020031452178955078,15974.877764288605,14.052500000000002,87.58583333333334,32,10,mps,64,2,1,,highest
0c3b3496-d941-495a-afcf-11de0091d765,2024-09-06 17:53:19,13,0.031235218048095703,10244.846042286848,14.493076923076922,87.62769230769231,32,10,mps,64,2,1,,highest
0c3b3496-d941-495a-afcf-11de0091d765,2024-09-06 17:53:19,14,0.036740779876708984,8709.668141880053,16.638571428571424,87.655,32,10,mps,64,2,1,,highest
0c3b3496-d941-495a-afcf-11de0091d765,2024-09-06 17:53:19,15,0.030008316040039062,10663.710671836268,16.887999999999998,87.72400000000002,32,10,mps,64,2,1,,highest
0c3b3496-d941-495a-afcf-11de0091d765,2024-09-06 17:53:19,16,0.019999265670776367,16000.587484949274,16.949375,87.75625,32,10,mps,64,2,1,,highest
0c3b3496-d941-495a-afcf-11de0091d765,2024-09-06 17:53:19,17,0.019396305084228516,16497.987560537895,16.368823529411763,87.7435294117647,32,10,mps,64,2,1,,highest
0c3b3496-d941-495a-afcf-11de0091d765,2024-09-06 17:53:19,18,0.01935124397277832,16536.404607897493,15.459444444444445,87.71333333333334,32,10,mps,64,2,1,,highest
0c3b3496-d941-495a-afcf-11de0091d765,2024-09-06 17:53:19,19,0.019273042678833008,16603.50186177122,15.173684210526316,87.68421052631582,32,10,mps,64,2,1,,highest
0c3b3496-d941-495a-afcf-11de0091d765,2024-09-06 17:53:19,20,0.018654823303222656,17153.74060630847,15.556500000000002,87.65600000000002,32,10,mps,64,2,1,,highest
d65b484c-20fc-47b0-8dd7-1bdc0793a5ef,2024-09-06 17:53:36,1,0.020966053009033203,15262.76785917351,35.540000000000006,87.62,32,10,mps,64,2,1,,highest
d65b484c-20fc-47b0-8dd7-1bdc0793a5ef,2024-09-06 17:53:36,2,0.01976799964904785,16187.778514828797,31.925000000000004,87.7,32,10,mps,64,2,1,,highest
d65b484c-20fc-47b0-8dd7-1bdc0793a5ef,2024-09-06 17:53:36,3,0.02354264259338379,13592.356878829309,29.669999999999998,87.76000000000002,32,10,mps,64,2,1,,highest
d65b484c-20fc-47b0-8dd7-1bdc0793a5ef,2024-09-06 17:53:36,4,0.036290884017944336,8817.641362546397,33.105,87.8275,32,10,mps,64,2,1,,highest
d65b484c-20fc-47b0-8dd7-1bdc0793a5ef,2024-09-06 17:53:36,5,0.10621786117553711,3012.675989315616,39.622,87.898,32,10,mps,64,2,1,,highest
d65b484c-20fc-47b0-8dd7-1bdc0793a5ef,2024-09-06 17:53:36,6,0.020349740982055664,15725.015875247502,37.870000000000005,87.91499999999998,32,10,mps,64,2,1,,highest
d65b484c-20fc-47b0-8dd7-1bdc0793a5ef,2024-09-06 17:53:36,7,0.021133899688720703,15141.550055278536,32.99,87.94571428571429,32,10,mps,64,2,1,,highest
d65b484c-20fc-47b0-8dd7-1bdc0793a5ef,2024-09-06 17:53:36,8,0.021599769592285156,14814.972846483288,31.49125,87.97,32,10,mps,64,2,1,,highest
d65b484c-20fc-47b0-8dd7-1bdc0793a5ef,2024-09-06 17:53:36,9,0.018241167068481445,17542.737194317007,30.62666666666667,87.95888888888891,32,10,mps,64,2,1,,highest
d65b484c-20fc-47b0-8dd7-1bdc0793a5ef,2024-09-06 17:53:36,10,0.02050471305847168,15606.168156924758,29.796999999999997,87.942,32,10,mps,64,2,1,,highest
d65b484c-20fc-47b0-8dd7-1bdc0793a5ef,2024-09-06 17:53:36,11,0.027039051055908203,11834.73485583282,31.662727272727274,87.90545454545453,32,10,mps,64,2,1,,highest
d65b484c-20fc-47b0-8dd7-1bdc0793a5ef,2024-09-06 17:53:36,12,0.02485966682434082,12872.256183525305,31.200833333333335,87.94333333333334,32,10,mps,64,2,1,,highest
d65b484c-20fc-47b0-8dd7-1bdc0793a5ef,2024-09-06 17:53:36,13,0.02087092399597168,15332.335073510092,30.70692307692308,87.96615384615384,32,10,mps,64,2,1,,highest
d65b484c-20fc-47b0-8dd7-1bdc0793a5ef,2024-09-06 17:53:36,14,0.021259069442749023,15052.399205984277,30.183571428571433,87.9292857142857,32,10,mps,64,2,1,,highest
d65b484c-20fc-47b0-8dd7-1bdc0793a5ef,2024-09-06 17:53:36,15,0.020900964736938477,15310.298066503165,28.712666666666664,87.92533333333331,32,10,mps,64,2,1,,highest
d65b484c-20fc-47b0-8dd7-1bdc0793a5ef,2024-09-06 17:53:36,16,0.019301891326904297,16578.6862323674,28.100625,87.918125,32,10,mps,64,2,1,,highest
d65b484c-20fc-47b0-8dd7-1bdc0793a5ef,2024-09-06 17:53:36,17,0.02234816551208496,14318.848669120393,27.79352941176471,87.91941176470588,32,10,mps,64,2,1,,highest
d65b484c-20fc-47b0-8dd7-1bdc0793a5ef,2024-09-06 17:53:36,18,0.019945859909057617,16043.429636978688,27.715555555555557,87.9238888888889,32,10,mps,64,2,1,,highest
d65b484c-20fc-47b0-8dd7-1bdc0793a5ef,2024-09-06 17:53:36,19,0.02021002769470215,15833.723972772423,27.97421052631579,87.9326315789474,32,10,mps,64,2,1,,highest
d65b484c-20fc-47b0-8dd7-1bdc0793a5ef,2024-09-06 17:53:36,20,0.022818326950073242,14023.815185932064,27.503999999999998,87.93900000000002,32,10,mps,64,2,1,,highest
722a38d8-62ae-4e39-8e0e-4a9f87bc7c8a,2024-09-06 17:53:53,1,0.017728805541992188,18049.721355567508,12.420000000000002,87.79999999999998,32,10,mps,64,2,1,,highest
722a38d8-62ae-4e39-8e0e-4a9f87bc7c8a,2024-09-06 17:53:53,2,0.01947808265686035,16428.721740088375,8.0,87.79999999999998,32,10,mps,64,2,1,,highest
722a38d8-62ae-4e39-8e0e-4a9f87bc7c8a,2024-09-06 17:53:53,3,0.026926279067993164,11884.300804873514,13.373333333333333,87.93999999999997,32,10,mps,64,2,1,,highest
722a38d8-62ae-4e39-8e0e-4a9f87bc7c8a,2024-09-06 17:53:53,4,0.02100348472595215,15235.567058289347,12.022499999999999,87.95,32,10,mps,64,2,1,,highest
722a38d8-62ae-4e39-8e0e-4a9f87bc7c8a,2024-09-06 17:53:53,5,0.019949913024902344,16040.17018021894,13.898000000000001,87.96799999999999,32,10,mps,64,2,1,,highest
722a38d8-62ae-4e39-8e0e-4a9f87bc7c8a,2024-09-06 17:53:53,6,0.04275178909301758,7485.066865944656,15.000000000000002,88.01166666666668,32,10,mps,64,2,1,,highest
722a38d8-62ae-4e39-8e0e-4a9f87bc7c8a,2024-09-06 17:53:53,7,0.021139860153198242,15137.280837290085,13.86,88.04000000000002,32,10,mps,64,2,1,,highest
722a38d8-62ae-4e39-8e0e-4a9f87bc7c8a,2024-09-06 17:53:53,8,0.04914498329162598,6511.346195828825,13.575,88.04750000000001,32,10,mps,64,2,1,,highest
722a38d8-62ae-4e39-8e0e-4a9f87bc7c8a,2024-09-06 17:53:53,9,0.020628929138183594,15512.196384818086,14.357777777777779,88.06222222222223,32,10,mps,64,2,1,,highest
722a38d8-62ae-4e39-8e0e-4a9f87bc7c8a,2024-09-06 17:53:53,10,0.030359745025634766,10540.2729742889,15.173,88.088,32,10,mps,64,2,1,,highest
722a38d8-62ae-4e39-8e0e-4a9f87bc7c8a,2024-09-06 17:53:53,11,0.020041465759277344,15966.896026647633,15.237272727272725,88.07181818181814,32,10,mps,64,2,1,,highest
722a38d8-62ae-4e39-8e0e-4a9f87bc7c8a,2024-09-06 17:53:53,12,0.05368208885192871,5961.019901491834,16.199166666666667,88.055,32,10,mps,64,2,1,,highest
722a38d8-62ae-4e39-8e0e-4a9f87bc7c8a,2024-09-06 17:53:53,13,0.08996987342834473,3556.7461396381714,20.283846153846156,88.1123076923077,32,10,mps,64,2,1,,highest
722a38d8-62ae-4e39-8e0e-4a9f87bc7c8a,2024-09-06 17:53:53,14,0.03544974327087402,9026.86368007963,21.785,88.13214285714285,32,10,mps,64,2,1,,highest
722a38d8-62ae-4e39-8e0e-4a9f87bc7c8a,2024-09-06 17:53:53,15,0.028904199600219727,11071.05557067795,23.915333333333333,88.172,32,10,mps,64,2,1,,highest
722a38d8-62ae-4e39-8e0e-4a9f87bc7c8a,2024-09-06 17:53:53,16,0.03321957588195801,9632.874337019945,25.68125,88.198125,32,10,mps,64,2,1,,highest
722a38d8-62ae-4e39-8e0e-4a9f87bc7c8a,2024-09-06 17:53:53,17,0.111572265625,2868.0962800875272,28.613529411764706,88.22470588235295,32,10,mps,64,2,1,,highest
722a38d8-62ae-4e39-8e0e-4a9f87bc7c8a,2024-09-06 17:53:53,18,0.11727595329284668,2728.607110111793,30.219999999999995,88.23444444444445,32,10,mps,64,2,1,,highest
722a38d8-62ae-4e39-8e0e-4a9f87bc7c8a,2024-09-06 17:53:53,19,0.047389984130859375,6752.48168719311,31.368421052631582,88.2363157894737,32,10,mps,64,2,1,,highest
722a38d8-62ae-4e39-8e0e-4a9f87bc7c8a,2024-09-06 17:53:53,20,0.024403095245361328,13113.090646188717,32.018499999999996,88.242,32,10,mps,64,2,1,,highest
c8974662-d754-49f2-9696-311f6cd983e1,2024-09-06 17:54:15,1,0.043784379959106445,7308.542459636799,45.86999999999999,88.88000000000001,32,10,mps,64,2,1,,highest
c8974662-d754-49f2-9696-311f6cd983e1,2024-09-06 17:54:15,2,0.02959918975830078,10811.106743564133,44.835,88.83000000000001,32,10,mps,64,2,1,,highest
c8974662-d754-49f2-9696-311f6cd983e1,2024-09-06 17:54:15,3,0.05551743507385254,5763.955045371194,60.01333333333333,88.43666666666665,32,10,mps,64,2,1,,highest
c8974662-d754-49f2-9696-311f6cd983e1,2024-09-06 17:54:15,4,0.08356928825378418,3829.157896238392,67.6125,88.22,32,10,mps,64,2,1,,highest
c8974662-d754-49f2-9696-311f6cd983e1,2024-09-06 17:54:15,5,0.06767439842224121,4728.52374694818,61.852000000000004,88.04,32,10,mps,64,2,1,,highest
c8974662-d754-49f2-9696-311f6cd983e1,2024-09-06 17:54:15,6,0.021521568298339844,14868.804892099082,57.22666666666667,87.93499999999999,32,10,mps,64,2,1,,highest
c8974662-d754-49f2-9696-311f6cd983e1,2024-09-06 17:54:15,7,0.020728588104248047,15437.616802005936,53.248571428571424,87.89428571428572,32,10,mps,64,2,1,,highest
c8974662-d754-49f2-9696-311f6cd983e1,2024-09-06 17:54:15,8,0.030562639236450195,10470.299947733425,52.23,87.85,32,10,mps,64,2,1,,highest
c8974662-d754-49f2-9696-311f6cd983e1,2024-09-06 17:54:15,9,0.020701885223388672,15457.52942531383,48.55888888888889,87.85333333333334,32,10,mps,64,2,1,,highest
c8974662-d754-49f2-9696-311f6cd983e1,2024-09-06 17:54:15,10,0.02454686164855957,13036.289713181231,47.14300000000001,87.89300000000003,32,10,mps,64,2,1,,highest
c8974662-d754-49f2-9696-311f6cd983e1,2024-09-06 17:54:15,11,0.023911476135253906,13382.69532963746,45.856363636363646,87.96272727272732,32,10,mps,64,2,1,,highest
c8974662-d754-49f2-9696-311f6cd983e1,2024-09-06 17:54:15,12,0.03467512130737305,9228.518543984379,45.79416666666667,88.02250000000001,32,10,mps,64,2,1,,highest
c8974662-d754-49f2-9696-311f6cd983e1,2024-09-06 17:54:15,13,0.024983644485473633,12808.379505482446,46.17461538461539,88.0746153846154,32,10,mps,64,2,1,,highest
c8974662-d754-49f2-9696-311f6cd983e1,2024-09-06 17:54:15,14,0.03589463233947754,8914.981966483563,45.356428571428566,88.10500000000002,32,10,mps,64,2,1,,highest
c8974662-d754-49f2-9696-311f6cd983e1,2024-09-06 17:54:15,15,0.024551868438720703,13033.631261046048,43.13866666666666,88.12733333333333,32,10,mps,64,2,1,,highest
c8974662-d754-49f2-9696-311f6cd983e1,2024-09-06 17:54:15,16,0.026948213577270508,11874.6275734546,41.37875,88.131875,32,10,mps,64,2,1,,highest
c8974662-d754-49f2-9696-311f6cd983e1,2024-09-06 17:54:15,17,0.1617569923400879,1978.2761497395566,42.16117647058823,88.14882352941176,32,10,mps,64,2,1,,highest
c8974662-d754-49f2-9696-311f6cd983e1,2024-09-06 17:54:15,18,0.022435903549194336,14262.853256538048,40.05444444444444,88.13833333333334,32,10,mps,64,2,1,,highest
c8974662-d754-49f2-9696-311f6cd983e1,2024-09-06 17:54:15,19,0.022886991500854492,13981.741549039012,38.65105263157895,88.03736842105265,32,10,mps,64,2,1,,highest
c8974662-d754-49f2-9696-311f6cd983e1,2024-09-06 17:54:15,20,0.18783926963806152,1703.5841366748957,38.63,88.05900000000001,32,10,mps,64,2,1,,highest
