run_id,datetime,avg_total_time,std_total_time,ci_total_time,avg_grids_per_second,std_grids_per_second,ci_grids_per_second,effect_size_time,effect_size_grids,percent_change_time,percent_change_grids,t_stat_time,p_value_time,t_stat_grids,p_value_grids,avg_cpu_usage,std_cpu_usage,ci_cpu_usage,avg_memory_usage,std_memory_usage,ci_memory_usage,effect_size_time,effect_size_grids,p_value_time,p_value_grids
ecc7a46e-e3d0-41fc-95ea-4298e2f3bc4b,2024-09-05 16:15:50,1.666630005836487,0.28753102270263914,0.12601371125695,196.0407126093683,25.06313010086587,10.984199235406173,0.09574621054006432,-0.1288461328507461,1.6795806135371183,-1.6205587346974943,0.4281900707111813,0.6733273679423187,-0.5762174233844741,0.5712316459685107,49.72,28.76838891917698,3.987022022346627,81.6425,0.8104491899232399,0.11232046317557165,0.09574621054006432,-0.1288461328507461,0.6733273679423187,0.5712316459685107
9d987c90-5668-46f7-8905-39529bc3d74d,2024-09-05 16:20:41,1.6346076369285583,0.12866464013429377,0.056388728626441384,196.87648056722915,14.929951170311215,6.543219365242746,-0.03491528882179933,-0.16031662833100652,-0.2740749845306412,-1.2011438915897317,-0.15614591851916368,0.8775651271555156,-0.7169577577433984,0.48212159597367443,52.07149999999999,27.682600484744743,3.836542187975198,81.89500000000001,0.7346930443026755,0.10182138998221851,-0.03491528882179933,-0.16031662833100652,0.8775651271555156,0.48212159597367443
c1d52e81-d98d-4eda-b288-89e9118a671a,2024-09-05 16:21:29,1.7697833180427551,0.44240916500494454,0.19389080264224903,188.93288626887937,35.070209254806,15.36991445728745,0.2953901690560469,-0.2947548346807781,7.9728703582914475,-5.187491208471239,1.3210249957889515,0.2021829081044259,-1.3181836940858649,0.2031138238832761,58.12200000000001,25.994580339662647,3.602598830510341,80.8185,1.1866543272841976,0.16445887703642637,0.2953901690560469,-0.2947548346807781,0.2021829081044259,0.2031138238832761
4d4bdafd-84b7-4a0b-b411-fd416be79892,2024-09-05 16:22:18,1.9292311668395996,0.31695404030089686,0.13890868032527717,169.14377598584127,21.4968908628909,9.421254696819318,0.9153729877182406,-1.4014223827206687,17.70063857236286,-15.118293779374085,4.093672450610132,0.0006186201350882311,-6.267351425906283,5.113765101777105e-06,66.6195,22.64574171536883,3.1384820048564688,81.97,0.8679670697502607,0.12029188813764699,0.9153729877182406,-1.4014223827206687,0.0006186201350882311,5.113765101777105e-06
8331efee-0fc3-41c0-a136-aa52289b7d7f,2024-09-05 16:28:19,1.6074532508850097,0.136855442960632,0.0599784402777933,200.35580680362358,15.95051401482263,6.990492533887351,-0.23124216640834566,0.0680734678904104,-1.9307393761814606,0.5448922585555123,-1.0341464067067587,0.3140519164079925,0.3044338033342137,0.7641067057217357,54.9625,22.50918614822127,3.119556716581865,81.9745,0.6560884163359771,0.09092754453115544,-0.23124216640834566,0.0680734678904104,0.3140519164079925,0.7641067057217357
871f9e30-5cd8-4d12-98ea-1bf9e93a0692,2024-09-05 16:29:03,1.668535041809082,0.1486516357546326,0.0651482547162576,193.09622270311118,15.57945232784813,6.82787056759859,0.19801357489041121,-0.3962769144235743,1.7958051253176788,-3.0981970677416717,0.8855436278454099,0.3869339779901262,-1.7722042371299664,0.09239659344636982,57.23049999999999,24.427086040132995,3.3853591960738947,81.9295,0.46004123695435384,0.06375729096535954,0.19801357489041121,-0.3962769144235743,0.3869339779901262,0.09239659344636982
430b20b3-c05f-40db-8db7-2a1fd54bed7f,2024-09-05 16:29:47,1.677279543876648,0.15784751958777096,0.06917845444639235,192.315635173066,17.207315101946833,7.541299774830108,0.24187610914860277,-0.40415165211609305,2.3292992420625893,-3.4899206237436697,1.0817028443788692,0.2929231245958374,-1.8074211347008546,0.08655732084543218,58.136,23.43399377659745,3.2477261594772955,81.7565,0.5635117366896049,0.0780973070944052,0.24187610914860277,-0.40415165211609305,0.2929231245958374,0.08655732084543218
f688e7a6-f898-40a5-abb3-c591325f13f7,2024-09-05 16:30:32,1.7016980171203613,0.2656767812083653,0.11643584361848247,191.75330715432364,25.38780333797368,11.126490940729651,0.23561719182101515,-0.2960749595233125,3.8190480825063315,-3.772114641278855,1.0537121151587947,0.3052311238749055,-1.3240874718592508,0.20118329257305745,51.92100000000001,27.02507227850263,3.7454151024103255,81.475,1.2881660837393925,0.17852743018519712,0.23561719182101515,-0.2960749595233125,0.3052311238749055,0.20118329257305745
5ea8d38d-e02a-44b8-a71b-34dfcd362d58,2024-09-05 16:31:15,1.5968591213226317,0.22134099210007155,0.09700518436464788,203.30628402637453,22.350023220819473,9.795149567729139,-0.1908407397861058,0.1805941759655373,-2.5770775838794617,2.0255352167283167,-0.8534657340761624,0.4040328928437753,0.8076417075990003,0.42929277684086053,53.5875,25.808780667589446,3.576848782901424,80.2005,0.6964733488283246,0.09652450776988022,-0.1908407397861058,0.1805941759655373,0.4040328928437753,0.42929277684086053
85ee8211-f017-4db0-b589-9546b9d1fa11,2024-09-05 18:12:29,1.5857080101966858,0.19368834617800734,0.08488610063601171,204.25952273315127,21.31121855303172,9.339881714443072,-0.27565927871697965,0.2341265808304263,-3.257396730114951,2.503900603779426,-1.2327857716794552,0.23269218618533732,1.0470459001528647,0.30821630781848647,53.001000000000005,27.411676325883008,3.7989947051876785,79.189,0.6456495307695304,0.08948081538830671,-0.27565927871697965,0.2341265808304263,0.23269218618533732,0.30821630781848647
d2983b4c-c62f-4ac4-8dde-1d9517fff905,2024-09-05 18:13:12,1.583492922782898,0.15854293251620408,0.06948322699978236,203.91447259980262,19.3193734819223,8.466933163361187,-0.3507382911024345,0.2404049284594337,-3.3925371982857673,2.3307435137264068,-1.5685493224343066,0.1332570574759175,1.075123524322535,0.2957833443800887,61.4975,21.02102426275362,2.9133117917497606,79.55799999999999,0.6435110975448032,0.08918444910988013,-0.3507382911024345,0.2404049284594337,0.1332570574759175,0.2957833443800887
789cc8b0-8ef0-447e-9b38-8621d5deef68,2024-09-05 18:13:56,1.6681556582450867,0.3215268104701518,0.1409127483883912,196.85582066400667,27.91168285257254,12.232609582852344,0.09036776187528545,-0.08649350699292682,1.7726592791828877,-1.2115116856492893,0.4041369170553043,0.6906248683473295,-0.38681072249707565,0.7031945410315226,52.47449999999999,29.678815004144813,4.1131983216410894,80.81250000000001,0.6583012629213315,0.0912342237856896,0.09036776187528545,-0.08649350699292682,0.6906248683473295,0.7031945410315226
3e3e2f9f-82c5-44ec-9fed-e2cdc3fc547c,2024-09-05 18:14:41,1.6668019056320191,0.21664754444014186,0.09494822803117549,194.73806253641783,22.672251700274376,9.936369830458107,0.12786623408821032,-0.19988916511222998,1.6900680636946572,-2.27426981662176,0.5718351828962782,0.5741373587758065,-0.8939315223132513,0.3825425999916301,51.07149999999999,29.889433398685767,4.1423880054883595,80.632,1.083580515544803,0.1501738380484338,0.12786623408821032,-0.19988916511222998,0.5741373587758065,0.3825425999916301
22feb280-692d-46a3-b3f2-1a936b40f64c,2024-09-05 18:15:22,1.5305174708366394,0.06395891069188053,0.028030713446078902,209.43335943881698,8.921215715846088,3.9098233321425697,-1.6976919711227194,1.1392348041494562,-6.624521332643562,5.100295799075108,-7.592309304572022,3.6123098232879037e-07,5.094812928823658,6.435742660384813e-05,52.325,26.971126847373018,3.737938784479453,80.08200000000001,0.41173245935977926,0.05706215900356163,-1.6976919711227194,1.1392348041494562,3.6123098232879037e-07,6.435742660384813e-05
91c33037-e547-4eba-a559-fd2e7894a8fd,2024-09-05 18:16:06,1.6223510265350343,0.1856695523738749,0.08137177387723274,199.58335198086422,21.653171758928025,9.48974656083834,-0.09020850888485495,0.014471412518815443,-1.0218396354685946,0.15724995275967882,-0.4034247160308588,0.6911397685501792,0.06471812424503144,0.9490745118218458,52.0115,27.424387007986507,3.8007562834814115,80.509,0.5398855266716718,0.07482294161253099,-0.09020850888485495,0.014471412518815443,0.6911397685501792,0.9490745118218458
004d4d28-b44b-48b5-abb4-4ba98f137d66,2024-09-05 18:16:49,1.6321565508842468,0.20566774204326405,0.0901362058852054,198.59375403705317,21.36080208376285,9.361612255606673,-0.03376051609635778,-0.0316582664028743,-0.4236135144746004,-0.33936165150139846,-0.1509816178938637,0.8815816700804591,-0.14158007145324936,0.8889021172021183,51.9155,28.630577352679058,3.967922664641718,80.34,0.736690958163052,0.10209828162820023,-0.03376051609635778,-0.0316582664028743,0.8815816700804591,0.8889021172021183
6632125d-8d49-41fc-ad39-1f62b2ac23be,2024-09-05 18:17:33,1.6743889212608338,0.22287065930868738,0.0976755782586142,193.67615226652435,20.605628981787323,9.030649132647332,0.15833812028148958,-0.27147182638394024,2.152944985713735,-2.807170037374244,0.7081096007578978,0.4874740737357087,-1.2140589155410164,0.2396006310752759,55.72549999999999,26.320328611953272,3.647744408144628,80.705,0.7473739620805514,0.10357884322668072,0.15833812028148958,-0.27147182638394024,0.4874740737357087,0.2396006310752759
413765b8-a045-4ecd-933e-519b9fff1b7a,2024-09-05 18:18:20,1.7765754222869874,0.24620728341185527,0.1079031167823089,183.19660327122716,23.497747651857033,10.298152734816565,0.5583726865505382,-0.6840398904148826,8.387250459824745,-8.066139774563581,2.497118567812372,0.021872844781116913,-3.0591193885783743,0.006456755463394942,59.70949999999999,27.90550565712615,3.86743470106227,81.9945,0.9334217324731984,0.12936327487657073,0.5583726865505382,-0.6840398904148826,0.021872844781116913,0.006456755463394942
e523ea75-d30c-4219-a025-adc0f62ea6fd,2024-09-05 18:19:06,1.7270955443382263,0.38131544922819743,0.16711579315930006,192.14247544535124,33.63284878275732,14.739975030945216,0.2307683691188855,-0.21192152352859467,5.368528115320989,-3.5768176617899194,1.0320275208131826,0.3150179433290123,-0.9477418650105138,0.3551601409001297,55.088,25.315450145719353,3.508477917208606,80.953,1.7005736543204608,0.23568315311110336,0.2307683691188855,-0.21192152352859467,0.3150179433290123,0.3551601409001297
45535fed-5413-4f59-bae1-58cc5ec10675,2024-09-05 18:19:48,1.5130646109580994,0.10652719915845972,0.046686745623440294,212.41955953404317,13.91261516003465,6.097360393068917,-1.1831287224065878,0.9451536884177292,-7.689304437917185,6.59886562655852,-5.291112498867218,4.166705061396897e-05,4.226855792973377,0.00045647976283231964,57.8925,28.068204686470562,3.88998322176091,80.42349999999999,0.4872213802439645,0.06752419741850389,-1.1831287224065878,0.9451536884177292,4.166705061396897e-05,0.00045647976283231964
85b36651-6e2b-4727-8f52-76c1f4e35548,2024-09-05 18:20:30,1.5474677681922913,0.12095585484296782,0.05301026659228518,207.86216666554589,14.494661904653258,6.352448938732633,-0.7575675598892772,0.5927814475470801,-5.590399109737584,4.3118214811792415,-3.3879451229221336,0.0030874957739338697,2.650999225031994,0.01576703582962007,61.0885,29.410634895814038,4.076031137866076,80.158,0.49044744210499946,0.0679712985655836,-0.7575675598892772,0.5927814475470801,0.0030874957739338697,0.01576703582962007
9fddfc1a-3219-4730-b457-19af0d1ad0a8,2024-09-05 18:21:13,1.6023316025733947,0.14574443579284385,0.06387414156802199,201.15105023504228,16.796244613611897,7.3611435004344115,-0.2522799393787263,0.11199231008566277,-2.2432064807885617,0.9439706102485405,-1.1282301876207161,0.2732682849698699,0.5008448366175469,0.622232865676789,63.519,29.798208084130255,4.129745054256361,80.4255,0.6011711768869145,0.08331654331363714,-0.2522799393787263,0.11199231008566277,0.2732682849698699,0.622232865676789
fe2d0b24-c117-4fa8-bda4-2e69405564d2,2024-09-05 18:21:57,1.6887693285942078,0.19267003751642797,0.08443981538844236,191.5624618906752,19.247594351217263,8.435475150358206,0.25779477304545995,-0.4004416327922753,3.0302805560495276,-3.867886841634373,1.152893273547558,0.2632529082203917,-1.7908294238890794,0.08926709018914453,66.0275,26.914963683804267,3.7301551101617023,80.71600000000001,0.5828745264358699,0.08078080353034794,0.25779477304545995,-0.4004416327922753,0.2632529082203917,0.08926709018914453
b917c2e0-19da-4c1e-bf4f-cc250430c5c7,2024-09-05 18:22:44,1.7605941891670227,0.2591414904624848,0.11357167879448957,185.01851208495114,23.738719469221238,10.403761349598279,0.4688334120105367,-0.6003477960774941,7.412249964433086,-7.15184820346709,2.096686758757453,0.04963895766856983,-2.684836964342917,0.014660714860504206,70.81700000000001,25.417977474505566,3.522687218915123,82.0105,0.8682795036636598,0.12033518847319062,0.4688334120105367,-0.6003477960774941,0.04963895766856983,0.014660714860504206
c171ab6e-468f-4bc4-8224-5ef419c44104,2024-09-05 18:23:28,1.6563202261924743,0.1927144294262013,0.08445927064321014,195.45857911835938,20.69572873961528,9.070136366965679,0.08935618491955576,-0.18416461336511897,1.050590335700953,-1.9126917657653582,0.3996130073803365,0.6938981402667177,-0.8236091890687447,0.42038014568399484,71.005,26.06830176256059,3.6128159107034166,81.90249999999999,0.7000672975546905,0.09702259449831895,0.08935618491955576,-0.18416461336511897,0.6938981402667177,0.42038014568399484
4b31a056-8643-42b3-856a-c143fd031cec,2024-09-05 18:24:13,1.6683735609054566,0.14766634292114106,0.06471643902744563,193.08840624486592,15.427924019442784,6.761461578672227,0.19824125339847906,-0.40067566753270484,1.785953322277874,-3.102119614158723,0.8865618370875208,0.3863991413497512,-1.7918760590664669,0.08909399681278501,60.894,31.431253274600113,4.356069411737162,80.9785,1.0856245452578581,0.15045712090807453,0.19824125339847906,-0.40067566753270484,0.3863991413497512,0.08909399681278501
c01b9fdf-8550-4a39-98f4-1d8f9d614b65,2024-09-05 18:24:55,1.550843644142151,0.11820899044941946,0.051806422313859006,207.440968476397,15.24800722714649,6.682611016734258,-0.7466128889376917,0.5358712358064702,-5.384439988887138,4.100450883924815,-3.338954345084359,0.0034487604741761557,2.396489020900174,0.02700147048934983,57.3065,24.16386911492063,3.348879861745356,80.102,0.9219795177528504,0.12777749396257468,-0.7466128889376917,0.5358712358064702,0.0034487604741761557,0.02700147048934983
e071c313-a294-4970-b15f-6698c93054ab,2024-09-05 18:25:37,1.5686754703521728,0.09205656949214189,0.04034482908400842,204.6682897965406,12.139046879179965,5.320074105358523,-0.7650136219103706,0.4447045843277322,-4.296536492454835,2.709032868239364,-3.4212449246098227,0.0028634547782044046,1.9887793609251938,0.06132254933945969,53.8975,30.475596032195792,4.223624509035601,80.311,0.4864795078498053,0.06742138103967941,-0.7650136219103706,0.4447045843277322,0.0028634547782044046,0.06132254933945969
a305bc30-afea-4781-8228-e51a6987a487,2024-09-05 18:26:21,1.6382224202156066,0.1580414470842283,0.06926344535733357,197.05925335524591,18.899205988066953,8.282790023770294,-0.005552845791937694,-0.11697563623307622,-0.05354034435930699,-1.1094227152878484,-0.024833081318692673,0.9804470667862709,-0.5231309486568917,0.6069308510081252,57.581500000000005,26.13560515915359,3.622143514176413,80.59,0.9910656160297269,0.13735216274370676,-0.005552845791937694,-0.11697563623307622,0.9804470667862709,0.6069308510081252
5279349b-0203-420f-ac08-6812847b27fb,2024-09-05 18:27:08,1.7259580850601197,0.207597742253489,0.09098205022899526,187.601720214976,19.441760258401757,8.520570547487562,0.4183960967844289,-0.6001658095738296,5.299132759448461,-5.855512513185125,1.8711242278611286,0.07680946410878547,-2.684023095956554,0.014686435625551436,62.0695,23.504019109965174,3.257430997208864,81.03299999999999,0.6745264484423429,0.09348287845212487,0.4183960967844289,-0.6001658095738296,0.07680946410878547,0.014686435625551436
2101d5ae-464e-434c-b87a-4f0ca20552bf,2024-09-05 18:27:56,1.8581268310546875,0.2665443207679577,0.11681605260789478,175.0844223009933,21.336765438178105,9.351077924779235,0.8217276227219376,-1.1335165945880055,13.362627725867087,-12.13708922517524,3.6748776467911073,0.0016092966114369305,-5.069240318245707,6.812624123359655e-05,55.6175,30.023160971550247,4.160921360953748,81.9295,1.0373815849357546,0.14377111058723924,0.8217276227219376,-1.1335165945880055,0.0016092966114369305,6.812624123359655e-05
5805c7b1-d2bc-43c1-99c5-3838c4bf8ee5,2024-09-05 18:28:56,2.3612934231758116,0.6857555880848852,0.3005401151413757,144.95717200631654,35.228889545292574,15.43945788296581,1.0531353090285223,-1.5417127447021948,44.06036380793189,-27.25589802463164,4.709764280986048,0.0001525243181566503,-6.894748997863774,1.4156372548496112e-06,70.227,26.974599460981846,3.7384200553275497,79.0495,8.347538965702382,1.1568886176474884,1.0531353090285223,-1.5417127447021948,0.0001525243181566503,1.4156372548496112e-06
c0519548-4fe1-44f6-87cd-cb3d24ee527c,2024-09-05 18:30:20,3.301227295398712,1.3525749473242972,0.5927812145744644,114.3864711013802,47.48223405556724,20.809624213318838,1.2288615123966182,-1.7876902927373384,101.40487434559893,-42.59724439133829,5.495635753304077,2.6602219680723205e-05,-7.994794034554375,1.692235120791397e-07,78.7165,28.39258657841982,3.934939432221136,76.76549999999999,9.75413118251073,1.3518287709050065,1.2288615123966182,-1.7876902927373384,2.6602219680723205e-05,1.692235120791397e-07
933d966d-913b-4f7e-879c-8fd4beb9714f,2024-09-05 18:31:09,1.8515493392944335,0.2790531646079016,0.12229819439902644,175.9691485932907,22.254200906275084,9.75315435843495,0.7613220928454502,-1.04703159214039,12.961340936760024,-11.693105538570437,3.404735904749667,0.002972452277455655,-4.6824676292314935,0.00016221696332384476,67.395,35.107711861652334,4.865591213323051,76.936,1.3083435382461104,0.18132383132184732,0.7613220928454502,-1.04703159214039,0.002972452277455655,0.00016221696332384476
abd25e3b-ab8d-45b3-8de4-360a4c87cb7f,2024-09-05 18:32:02,2.044569742679596,0.33655005643055036,0.14749685524684894,159.6915793560508,20.863951166173432,9.143861741320034,1.2047828693894986,-1.8969762883704124,24.737340167140268,-19.861705547221966,5.3879527881643385,3.367265260981725e-05,-8.483535865002965,6.934583264624358e-08,66.63,34.71417100179275,4.811050235051325,79.37700000000001,1.126818351816276,0.15616618631295776,1.2047828693894986,-1.8969762883704124,3.367265260981725e-05,6.934583264624358e-08
9487e099-7bc2-4aa5-9285-a8edb2b6a35c,2024-09-05 18:32:57,2.1464510440826414,0.5368925964707701,0.23529923133765843,155.8248790416905,29.36892504729361,12.871262398228497,0.9449767931569214,-1.4792887682592601,30.95302568986892,-21.80213828389095,4.2260646933172685,0.00045730407702163024,-6.615580488359279,2.4907759840348783e-06,70.8155,31.833866952914775,4.411867795388341,81.4285,0.6828389967462222,0.09463491770056866,0.9449767931569214,-1.4792887682592601,0.00045730407702163024,2.4907759840348783e-06
8ad5045c-5b28-4d88-ad68-7442ef9cf678,2024-09-05 18:33:51,2.080738031864166,0.4695027010598734,0.20576485017028373,159.73074947372584,28.42431248296406,12.457275295855148,0.9406506732915392,-1.3910363021083372,26.943934589968045,-19.84204874104189,4.206717697121656,0.0004779358996534617,-6.220903461368351,5.635501246500605e-06,76.92349999999999,29.43264856853345,4.079082021187057,81.973,0.9944423451811815,0.13782014492818617,0.9406506732915392,-1.3910363021083372,0.0004779358996534617,5.635501246500605e-06
fe0ea874-db44-48f5-a511-d285a6a5ad03,2024-09-05 18:34:37,1.6976274847984314,0.4172295556280721,0.18285555505137796,196.88377143702877,36.25787738038224,15.890423398683406,0.1402764593470078,-0.06581269327868426,3.5707086082869504,-1.1974851021083155,0.6273353974857905,0.5379061375819367,-0.2943233119069631,0.771702274178576,65.758,30.087527858953727,4.169841992495144,80.322,1.4195037706092462,0.1967295704366142,0.1402764593470078,-0.06581269327868426,0.5379061375819367,0.771702274178576
a6c77a57-a22c-44de-94b5-c6dafcd2bbcc,2024-09-05 18:35:19,1.5914313793182373,0.18565093961404183,0.08136361662546474,203.2964920212676,20.23942516542373,8.870156182903402,-0.2567647693077296,0.1989430029933011,-2.908219186246275,2.0206212782995863,-1.1482869567982703,0.265102418823136,0.8897001566819308,0.3847537395272277,59.602000000000004,31.54359503829103,4.371638899730506,80.3485,0.484532360157916,0.06715152509640313,-0.2567647693077296,0.1989430029933011,0.265102418823136,0.3847537395272277
3cba830d-2c2a-4839-9d6e-8d1c5c9955bf,2024-09-05 18:36:08,1.8751370310783386,0.2757363956830442,0.12084458303676572,174.17726402372804,25.529010882173345,11.18837673842489,0.85602421288505,-0.9829106224320652,14.400404556057508,-12.592329992609006,3.828256660793446,0.0011342028619938994,-4.395709935129459,0.00031073619879982555,67.1185,29.31223881712828,4.062394387690915,81.294,0.9295073531704792,0.12882077955201135,0.85602421288505,-0.9829106224320652,0.0011342028619938994,0.00031073619879982555
7d274ae2-3b6d-4de5-85b3-dae181218bc2,2024-09-05 18:37:04,2.148539388179779,0.6105185714457595,0.26756664465641117,157.6093966299117,33.35498469600379,14.618197963317119,0.8344371686734828,-1.2490068201134443,31.08043366358239,-20.906610814517133,3.7317164642127314,0.0014137220502041291,-5.585728308269023,2.1863000178999567e-05,72.7295,23.73054304299794,3.2888250357185487,82.64200000000001,0.6516588804600244,0.09031365346009773,0.8344371686734828,-1.2490068201134443,0.0014137220502041291,2.1863000178999567e-05
02782831-9147-42f9-90ae-8b32830c41c6,2024-09-05 18:37:55,2.0062955379486085,0.29172967564715885,0.12785381822991487,162.33597440767363,20.79551431370956,9.113868519424685,1.25868421556374,-1.7760573282853318,22.402265752462235,-18.5346643209346,5.6290069364130435,1.9903088835099903e-05,-7.9427698359653185,1.8642401610586039e-07,68.73400000000001,26.528318878371522,3.6765698587102844,82.4915,0.7157789094658915,0.09920007280176209,1.25868421556374,-1.7760573282853318,1.9903088835099903e-05,1.8642401610586039e-07
d6ce0798-1996-419f-aa5e-6ccb34cf5e6f,2024-09-05 18:38:49,2.0773686289787294,0.43404560730096836,0.19022537921877503,159.75765333026789,29.587819365278897,12.967195300087617,1.0097294422676482,-1.3354261151161275,26.73837038488984,-19.828547533362837,4.515647343586822,0.00023663304087316286,-5.972207144656241,9.52538436641553e-06,68.71700000000001,31.07345182048819,4.306481571376004,81.59899999999999,1.1984491653841847,0.1660935281594621,1.0097294422676482,-1.3354261151161275,0.00023663304087316286,9.52538436641553e-06
91b13348-b30d-48aa-bd53-5a3ea7b9f66f,2024-09-05 18:39:49,2.3535090327262878,0.8181272368936068,0.3585534820984415,145.61527675767326,31.223818174257325,13.684190216300635,0.8732248487886402,-1.7183908432621713,43.585445227642474,-26.925640207922292,3.9051802430667477,0.0009514852063855585,-7.684877474894803,3.028388780635569e-07,69.90950000000001,33.135363606829245,4.592242714392178,82.275,0.8802552165316351,0.12199490709949468,0.8732248487886402,-1.7183908432621713,0.0009514852063855585,3.028388780635569e-07
45879ee1-882b-40ee-b81e-56f749be2c83,2024-09-05 18:40:58,2.743528592586517,0.981279778336359,0.43005692216190505,128.42133331932718,36.492938732068346,15.99344168526904,1.125498167769178,-1.9414349499459256,67.38018379516303,-35.55410582660352,5.03338082336669,7.379325167245676e-05,-8.682361043945981,4.866691046418517e-08,79.979,25.143486903537102,3.4846454657098107,82.73200000000001,1.1011533469355368,0.1526092634713408,1.125498167769178,-1.9414349499459256,7.379325167245676e-05,4.866691046418517e-08
1755849a-fa6f-45f8-bb33-3a2f42f361c4,2024-09-05 18:42:00,2.482574796676636,0.5399035344135199,0.23661880882520714,133.984438510997,25.593285099596518,11.216545638599554,1.562269447991067,-2.550886345185607,51.45963008215703,-32.76236337080494,6.986681369758196,1.1779948520789625e-06,-11.407910541422021,6.06000077525693e-10,76.714,27.39158811565126,3.7962106724492264,82.6505,0.9735702053388947,0.13492746708520753,1.562269447991067,-2.550886345185607,1.1779948520789625e-06,6.06000077525693e-10
fa470f0b-78f2-4db5-8d13-233264f96ff7,2024-09-05 18:43:07,2.6583645939826965,0.920520820431937,0.4034286240893203,130.63368622646402,32.84892117338226,14.39640992104644,1.1072694624163155,-2.0894541227476457,62.184405709395186,-34.44387703795653,4.951859574745059,8.853068395661169e-05,-9.344322908661852,1.551178290660739e-08,79.60749999999999,24.100313677351455,3.3400716893468223,82.90799999999999,0.8387811209393193,0.11624699633021122,1.1072694624163155,-2.0894541227476457,8.853068395661169e-05,1.551178290660739e-08
b1257491-e64b-49ad-a2c8-d6ecf92aa967,2024-09-05 18:44:08,2.4181289076805115,0.45570108577847385,0.1997161367250273,136.4198870717656,23.3828266219953,10.247787298286523,1.709517339309598,-2.6878749068392698,47.5278450174188,-31.54017811423416,7.645193958821669,3.2657064758890454e-07,-12.020542013417042,2.5171071275776687e-10,72.1965,31.878157449291344,4.418006032219404,82.7325,0.8369565288327578,0.11599412541237504,1.709517339309598,-2.6878749068392698,3.2657064758890454e-07,2.5171071275776687e-10
8f5be2ec-7a19-461d-b867-028cc89c23fd,2024-09-05 18:45:04,2.235688054561615,0.459084673124045,0.2011990320132287,148.78754871483554,29.382259884787313,12.877106541047576,1.2995163844217827,-1.7181269066135312,36.397294525142755,-25.33369362431097,5.81161394688371,1.3423564402556416e-05,-7.683697114318572,3.0351831040808853e-07,71.54299999999999,32.14809717166467,4.4554170815775125,82.0055,0.9977460780082793,0.1382780105241566,1.2995163844217827,-1.7181269066135312,1.3423564402556416e-05,3.0351831040808853e-07
6630dc67-7a4d-4b7e-8a25-1758ebdb47d1,2024-09-05 18:45:58,2.150073993206024,0.32742016481128583,0.14349557734819562,151.89816374998435,21.526550523221772,9.434253377232244,1.5606063649150397,-2.200623653051764,31.174058520286984,-23.77268843780582,6.979243836137744,1.1955882780270215e-06,-9.841488162235315,6.803705275317991e-09,72.2005,30.045866942921766,4.164068190209684,82.30849999999998,0.8584066986583389,0.11896691265179733,1.5606063649150397,-2.200623653051764,1.1955882780270215e-06,6.803705275317991e-09
41f05158-279d-4749-9c02-ceb9401fad1a,2024-09-05 18:46:57,2.3017725229263304,0.4160466970711821,0.18233715395766395,142.68587892728087,21.885117094277724,9.591399218146142,1.5927840013904802,-2.5855068916909807,40.42904782663232,-28.395704859095268,7.123146601166466,8.986483394070331e-07,-11.562738332230444,4.837065109686294e-10,77.53699999999999,25.551768930494553,3.541229427967168,82.5475,0.8983478694093731,0.12450237478108349,1.5927840013904802,-2.5855068916909807,8.986483394070331e-07,4.837065109686294e-10
7eb6fccd-25f2-4185-988d-57a4ba569920,2024-09-05 18:48:00,2.51350132226944,0.6052861309200844,0.26527346862492085,133.18664373227278,26.69437797824103,11.699112002299689,1.444608223453391,-2.475553328929137,53.34642927639801,-33.162722069416986,6.4604843769939775,3.4246558188144697e-06,-11.071011050822895,9.977066594199947e-10,75.3625,32.690581431378796,4.530600182596244,83.14900000000002,0.7607183856799817,0.10542825199669999,1.444608223453391,-2.475553328929137,3.4246558188144697e-06,9.977066594199947e-10
d50d243f-c704-47c6-9c44-bb80480118f1,2024-09-05 18:48:52,2.019802510738373,0.343380022100124,0.1504901646772217,162.25570221556742,24.29015765583821,10.645435349750505,1.108691496989205,-1.5238393389157805,23.226313875808234,-18.57494745041029,4.958219106687732,8.728022085988449e-05,-6.814816697208053,1.6624386461282634e-06,73.897,28.6093756112279,3.9649843071857145,82.5545,0.8239991645114556,0.11419835933573656,1.108691496989205,-1.5238393389157805,8.728022085988449e-05,1.6624386461282634e-06
b575ecac-151c-463a-8462-371e5cd2a15e,2024-09-05 18:49:43,1.9615609884262084,0.5525513004148196,0.2421618348192458,171.39513796629427,32.45637941589998,14.224374071771058,0.5835856112982191,-0.8588407744595871,19.673051578683936,-13.988489001709107,2.609874195107175,0.017218379014375226,-3.8408527070804044,0.001102049731344581,71.8555,24.65429253603237,3.4168478312322974,82.1805,0.8104653108557472,0.11232269738177304,0.5835856112982191,-0.8588407744595871,0.017218379014375226,0.001102049731344581
5d0584df-c021-4951-bc4d-0cb927374aa2,2024-09-05 18:50:33,1.8960144519805908,0.2619156366471718,0.11478747962535592,171.72953219481505,22.657867687018953,9.930065874536943,0.9809053604794198,-1.215492480828782,15.674117014251163,-13.820679382338014,4.386742131051837,0.0003171396430774207,-5.435847626546039,3.0316719287296123e-05,64.6095,31.254538721656374,4.331578474262866,82.2605,0.6632414311394453,0.09191888358833107,0.9809053604794198,-1.215492480828782,0.0003171396430774207,3.0316719287296123e-05
0066d080-228e-444c-a587-172757884d19,2024-09-05 18:51:30,2.2082340121269226,0.4141758109144209,0.18151721701403703,149.50153733697272,26.485267746220053,11.607467086383897,1.374136289780863,-1.8790998505246446,34.72234836964936,-24.97539151052707,6.1453243085987195,6.604571828866973e-06,-8.403590004565599,8.007095979437095e-08,69.16950000000001,31.476718999043143,4.362370523875406,82.51100000000001,0.9443718499377105,0.1308808558436853,1.374136289780863,-1.8790998505246446,6.604571828866973e-06,8.007095979437095e-08
649888ce-dab9-41be-911c-def97545c453,2024-09-05 18:52:30,2.376630127429962,0.5728489570279066,0.2510575115903729,141.23370193447403,29.95259037341344,13.127060305477002,1.2874774726944873,-1.9376053069867454,44.99604218351303,-29.124453287261492,5.757774296889005,1.507029243137238e-05,-8.665234359973422,5.01643339906317e-08,74.38550000000001,27.39646090465888,3.7968859941413178,82.80449999999999,1.0730737094578584,0.14871769577467409,1.2874774726944873,-1.9376053069867454,1.507029243137238e-05,5.01643339906317e-08
48e1bc68-565c-44c1-8910-f72d9437bcaf,2024-09-05 18:53:28,2.2939907193183897,0.6879196986417901,0.3014885609830891,148.80185770006472,34.2648228531877,15.016944789841299,0.9519871586921963,-1.472884961821426,39.954287067194784,-25.326512922133432,4.257416001085262,0.00042575456033373897,-6.586941795339783,2.6409733839626194e-06,69.27199999999999,32.97599730091495,4.570156077108268,82.53450000000001,1.01147176215065,0.14018025833862935,0.9519871586921963,-1.472884961821426,0.00042575456033373897,2.6409733839626194e-06
d8f4953e-7746-4839-966b-9d30dcf3f3ec,2024-09-05 18:54:25,2.2171775341033935,0.6455493672365552,0.28291928571889496,153.64491685883064,34.8601910572088,15.277871615224843,0.8954815285126949,-1.3088018670435393,35.26798450999899,-22.89611238077451,4.004715140699603,0.0007579842825769713,-5.853139887575991,1.228037614783739e-05,72.329,29.15348844379024,4.040393112738303,82.065,0.9392475337461589,0.13017067490298045,0.8954815285126949,-1.3088018670435393,0.0007579842825769713,1.228037614783739e-05
